RX,RY,RZ,TX,TY,TZ
1.02866,-0.765289,-1.1337,10.2334,-1783.71,1725.53
1.0284,-0.765582,-1.13398,10.083,-1783.74,1725.5
1.02625,-0.762966,-1.13463,9.82449,-1783.61,1725.42
1.02776,-0.763769,-1.13542,9.71389,-1783.68,1725.38
1.03057,-0.770178,-1.14083,9.34061,-1783.8,1725.3
1.03069,-0.770443,-1.14105,9.16813,-1783.76,1725.21
1.03238,-0.780127,-1.13706,9.183,-1783.81,1724.91
1.03543,-0.778233,-1.13181,9.23403,-1783.61,1724.83
1.02667,-0.776175,-1.13433,8.84985,-1783.51,1724.82
1.0257,-0.76972,-1.14116,8.56562,-1783.38,1725.07
1.0281,-0.77992,-1.13695,8.52858,-1783.36,1724.83
1.02583,-0.775873,-1.13564,8.30916,-1783.03,1724.78
1.02991,-0.784058,-1.13586,8.30063,-1782.97,1724.74
1.03004,-0.785385,-1.13784,8.09064,-1782.73,1724.72
1.02531,-0.779569,-1.14115,7.62029,-1782.31,1724.79
1.02571,-0.781266,-1.14302,7.38498,-1781.97,1724.84
1.02862,-0.786391,-1.14754,7.13549,-1781.67,1724.9
1.03394,-0.797242,-1.14738,7.12725,-1781.34,1724.83
1.02883,-0.787338,-1.15018,6.49728,-1780.4,1724.76
1.02527,-0.78919,-1.15293,6.15175,-1779.78,1724.78
1.02408,-0.791257,-1.15512,5.85668,-1779.07,1724.79
1.02746,-0.800349,-1.15499,5.76526,-1778.37,1724.77
1.02631,-0.796283,-1.15743,5.347,-1777.39,1724.87
1.02389,-0.797858,-1.15858,4.94001,-1776.28,1724.87
1.0255,-0.809708,-1.16202,4.69533,-1775.33,1724.79
1.02146,-0.808106,-1.16595,4.19876,-1774.02,1724.84
1.01891,-0.812525,-1.16828,3.81439,-1772.62,1724.74
1.01099,-0.814806,-1.17147,3.27459,-1771.09,1724.64
1.01594,-0.829468,-1.17194,3.24077,-1769.7,1724.49
1.00617,-0.825268,-1.17668,2.54606,-1767.78,1724.39
1.00238,-0.828844,-1.17765,2.2789,-1765.97,1724.32
1.00281,-0.836081,-1.18144,2.05398,-1764.21,1724.23
1.0013,-0.848302,-1.18647,1.7729,-1762.4,1724.01
0.994442,-0.847355,-1.19285,1.31647,-1760.36,1723.97
0.99199,-0.855379,-1.19857,1.09782,-1758.44,1723.93
0.97912,-0.85801,-1.20967,0.626182,-1756.32,1723.82
0.97684,-0.865603,-1.21511,0.451882,-1754.25,1723.77
0.973875,-0.873724,-1.22223,0.242864,-1752.07,1723.66
0.974638,-0.881344,-1.22424,0.0428843,-1749.76,1723.57
0.971219,-0.888839,-1.22963,0.000174936,-1747.63,1723.59
0.965161,-0.894537,-1.23934,-0.094501,-1745.46,1723.46
0.965107,-0.901749,-1.24138,-0.220241,-1743.08,1723.39
0.963341,-0.908946,-1.25296,-0.0885126,-1740.72,1723.49
0.964427,-0.917808,-1.26297,-0.396974,-1738.33,1723.19
0.957643,-0.924683,-1.27229,-0.472695,-1736.03,1723.17
0.964474,-0.935255,-1.27317,-0.682984,-1733.56,1723.23
0.967474,-0.94269,-1.27703,-0.605753,-1731.17,1723.18
0.957695,-0.955139,-1.28767,-0.873224,-1728.79,1723.2
0.95526,-0.9629,-1.2938,-0.87605,-1726.34,1723.09
0.930563,-0.967003,-1.31357,-0.921112,-1723.97,1722.98
0.934845,-0.978725,-1.31609,-1.11809,-1721.4,1722.98
0.925557,-0.977345,-1.31971,-0.884025,-1718.88,1722.96
0.919096,-0.984348,-1.32939,-0.9354,-1716.35,1722.84
0.911614,-0.991264,-1.34021,-0.974072,-1713.83,1722.79
0.907454,-1.00586,-1.34626,-1.16395,-1711.15,1722.72
0.906042,-1.01129,-1.35457,-1.08959,-1708.54,1722.56
0.900676,-1.02158,-1.36258,-1.04714,-1705.81,1722.24
0.892102,-1.02847,-1.37309,-1.12463,-1703.11,1722.05
0.884813,-1.03648,-1.38442,-1.09327,-1700.4,1721.87
0.878725,-1.04547,-1.39114,-1.1831,-1697.58,1721.67
0.87365,-1.05508,-1.39982,-1.21331,-1694.77,1721.41
0.867356,-1.06601,-1.4091,-1.21432,-1691.98,1721.14
0.862449,-1.07709,-1.41889,-1.20567,-1689.17,1720.83
0.856406,-1.08606,-1.42998,-1.24329,-1686.3,1720.59
0.850529,-1.10046,-1.4389,-1.10836,-1683.44,1720.21
0.843895,-1.112,-1.4494,-1.01304,-1680.6,1719.94
0.839792,-1.12403,-1.46043,-0.88626,-1677.67,1719.59
0.830883,-1.13424,-1.47392,-0.829236,-1674.85,1719.33
0.824334,-1.14594,-1.48435,-0.638215,-1672.02,1719.07
0.815617,-1.15755,-1.49528,-0.417432,-1669.15,1718.8
0.80859,-1.16961,-1.50685,-0.148246,-1666.24,1718.47
0.796927,-1.17999,-1.52023,0.13901,-1663.31,1718.13
0.790036,-1.19369,-1.53071,0.515519,-1660.45,1717.78
0.782018,-1.20658,-1.54251,0.92472,-1657.58,1717.42
0.774956,-1.21684,-1.55582,1.33029,-1654.67,1716.98
0.765698,-1.2273,-1.56908,1.81905,-1651.84,1716.58
0.760252,-1.23856,-1.58066,2.39182,-1649.05,1716.19
0.751726,-1.25004,-1.59166,2.98311,-1646.29,1715.83
0.743974,-1.26281,-1.6019,3.65816,-1643.57,1715.48
0.732732,-1.27509,-1.61468,4.39047,-1640.83,1715.22
0.720842,-1.28752,-1.62814,5.14697,-1638.13,1714.98
0.707889,-1.30257,-1.64181,6.00021,-1635.41,1714.82
0.685322,-1.31302,-1.66442,6.71082,-1632.6,1714.77
0.673995,-1.32885,-1.67745,7.74303,-1629.92,1714.64
0.662979,-1.33992,-1.69228,8.76514,-1627.27,1714.51
0.653169,-1.35117,-1.70631,9.88433,-1624.64,1714.44
0.643384,-1.36202,-1.72076,10.9771,-1621.93,1714.33
0.622441,-1.36679,-1.74582,11.8937,-1619.07,1714.18
0.623556,-1.38177,-1.7464,13.0318,-1616.91,1713.88
0.616267,-1.39198,-1.75711,14.1032,-1614.4,1713.67
0.610581,-1.40179,-1.76441,15.1783,-1612.01,1713.5
0.603159,-1.41381,-1.77509,16.1419,-1609.67,1713.31
0.594078,-1.42345,-1.78397,17.2302,-1607.2,1713.11
0.58597,-1.44338,-1.79016,18.2268,-1604.82,1712.94
0.577999,-1.45031,-1.80189,19.1515,-1602.68,1712.75
0.571352,-1.46156,-1.80809,20.1734,-1600.47,1712.61
0.556708,-1.47803,-1.81613,21.1937,-1598,1712.56
0.551972,-1.47859,-1.8322,22.1027,-1595.89,1712.16
0.537508,-1.48716,-1.84581,23.0688,-1593.49,1712.03
0.523173,-1.49417,-1.85949,23.9715,-1590.99,1711.88
0.512324,-1.50223,-1.87084,24.8648,-1588.44,1711.63
0.501028,-1.51295,-1.88466,25.6815,-1585.79,1711.34
0.501935,-1.49567,-1.88989,27.0818,-1584.38,1710.87
0.49225,-1.51844,-1.89959,27.8947,-1581.79,1710.52
0.480054,-1.52458,-1.9103,28.8171,-1579.37,1710.29
0.476882,-1.51943,-1.91725,29.9772,-1577.39,1709.95
0.466011,-1.54094,-1.92759,30.7034,-1574.77,1709.56
0.456046,-1.5482,-1.93828,31.6497,-1572.41,1709.22
0.448518,-1.55558,-1.94744,32.6232,-1570.1,1708.93
0.437604,-1.56104,-1.95835,33.505,-1567.72,1708.69
0.431057,-1.57008,-1.9648,34.4648,-1565.44,1708.32
0.422706,-1.5776,-1.97207,35.3734,-1563.12,1708
0.410947,-1.58506,-1.98121,36.2328,-1560.72,1707.73
0.406077,-1.59223,-1.98703,37.1593,-1558.44,1707.29
0.393741,-1.60402,-1.99191,37.9999,-1555.96,1707.06
0.39039,-1.60441,-2.00096,38.8848,-1553.68,1706.56
0.378724,-1.61867,-2.00329,39.6884,-1551.24,1706.26
0.375646,-1.61832,-2.01146,40.5318,-1548.94,1705.72
0.370236,-1.62544,-2.01512,41.367,-1546.52,1705.27
0.362271,-1.63072,-2.02114,42.1722,-1543.96,1704.76
0.35789,-1.63896,-2.0207,43.0052,-1541.48,1704.17
0.343742,-1.65735,-2.01647,43.8679,-1538.65,1703.83
0.341309,-1.66373,-2.01934,44.7217,-1536.18,1703.19
0.340764,-1.66143,-2.0292,45.4401,-1533.77,1702.4
0.329246,-1.68156,-2.02307,46.2682,-1531.06,1701.87
0.322974,-1.68586,-2.02655,47.0258,-1528.59,1701.25
0.320119,-1.69277,-2.02574,47.7471,-1526.05,1700.55
0.315462,-1.69782,-2.02729,48.4678,-1523.44,1699.81
0.310368,-1.70372,-2.02824,49.1154,-1520.77,1699.03
0.289619,-1.68485,-2.06303,49.8554,-1519.49,1697.91
0.283952,-1.69389,-2.06075,50.4963,-1516.96,1697.22
0.281825,-1.70138,-2.05973,51.0494,-1514.3,1696.43
0.279446,-1.70574,-2.05756,51.5818,-1511.87,1695.6
0.266039,-1.72667,-2.04861,52.0908,-1509.19,1695.03
0.265677,-1.73383,-2.04623,52.5143,-1506.84,1694.24
0.265307,-1.74028,-2.0418,52.8724,-1504.5,1693.57
0.263734,-1.74565,-2.03798,53.1598,-1502.39,1692.85
0.270491,-1.71085,-2.06119,53.5307,-1501.22,1692.13
0.270965,-1.71704,-2.05834,53.6328,-1499.29,1691.37
0.26956,-1.71965,-2.05727,53.7495,-1497.45,1690.6
0.266739,-1.72115,-2.0579,53.6762,-1495.64,1689.78
0.269503,-1.72456,-2.05361,53.5711,-1493.97,1689.08
0.269522,-1.72674,-2.05159,53.3652,-1492.42,1688.42
0.271087,-1.72938,-2.04884,53.0064,-1491.02,1687.81
0.273234,-1.72953,-2.04601,52.5628,-1489.72,1687.27
0.274798,-1.72791,-2.04465,51.9676,-1488.52,1686.75
0.277671,-1.72778,-2.04176,51.2574,-1487.44,1686.29
0.272652,-1.76035,-2.01687,50.3034,-1485.73,1685.87
0.286522,-1.72598,-2.03103,49.5079,-1485.74,1685.47
0.287575,-1.74298,-2.01743,48.3253,-1484.67,1684.96
0.282433,-1.75134,-2.00976,47.2305,-1484.06,1684.83
0.283279,-1.74702,-2.00982,45.9772,-1483.75,1684.5
0.289739,-1.74542,-2.00278,44.6579,-1483.6,1684.2
0.286824,-1.74501,-1.99977,43.1274,-1483.39,1684.02
0.297153,-1.73753,-1.99645,41.6238,-1483.59,1683.66
0.332309,-1.7415,-1.95991,39.8992,-1482.93,1683.58
0.337512,-1.73757,-1.95724,38.1162,-1483.18,1683.38
0.344031,-1.73452,-1.95043,36.2294,-1483.65,1683.28
0.353732,-1.73058,-1.9442,34.3029,-1484.2,1683.02
0.359159,-1.72378,-1.94107,32.2422,-1484.86,1682.84
0.369078,-1.72169,-1.93094,30.1466,-1485.64,1682.74
0.37472,-1.71625,-1.92738,27.9127,-1486.57,1682.67
0.387852,-1.70187,-1.9292,25.5314,-1487.95,1682.41
0.399229,-1.69605,-1.91897,23.092,-1489.17,1682.4
0.403863,-1.70569,-1.90531,20.4397,-1490.28,1682.58
0.421096,-1.68582,-1.90025,17.9291,-1491.88,1682.47
0.427892,-1.68995,-1.88548,15.1934,-1493.34,1682.65
0.438971,-1.68678,-1.87578,12.4388,-1495.06,1682.68
0.456206,-1.67033,-1.87057,9.65957,-1496.98,1682.52
0.46538,-1.6765,-1.85365,6.75992,-1498.8,1682.66
0.48247,-1.65835,-1.84901,3.835,-1500.96,1682.59
0.50286,-1.62712,-1.84079,1.07514,-1503.51,1682.66
0.517534,-1.62138,-1.82859,-1.95222,-1505.82,1682.76
0.532672,-1.6113,-1.81653,-5.02327,-1508.31,1682.86
0.545844,-1.60965,-1.80357,-8.18396,-1510.69,1682.98
0.55941,-1.60226,-1.79271,-11.3979,-1513.21,1683.03
0.577365,-1.58448,-1.7858,-14.6833,-1515.53,1683.17
0.592276,-1.56793,-1.7694,-17.7595,-1518.69,1683.34
0.60347,-1.56271,-1.75661,-21.0987,-1521.63,1683.41
0.62051,-1.54078,-1.74614,-24.2469,-1524.95,1683.36
0.629187,-1.54713,-1.73288,-27.7826,-1527.54,1683.44
0.639093,-1.53742,-1.72771,-31.219,-1530.4,1683.49
0.645762,-1.54653,-1.70438,-34.6629,-1533.3,1683.77
0.660526,-1.53408,-1.69402,-37.9827,-1536.55,1683.72
0.678242,-1.51551,-1.68167,-41.1609,-1540.11,1683.63
0.701647,-1.50738,-1.65875,-44.345,-1543.71,1683.65
0.714058,-1.49213,-1.65239,-47.617,-1547.3,1683.47
0.721187,-1.48631,-1.64387,-50.8908,-1550.39,1683.33
0.72866,-1.4768,-1.637,-54.1415,-1553.81,1683.14
0.738353,-1.46622,-1.62783,-57.3756,-1557.26,1682.95
0.747306,-1.45232,-1.62278,-60.5142,-1560.78,1682.7
0.771057,-1.44568,-1.60235,-63.4326,-1564.67,1682.45
0.784003,-1.43737,-1.58707,-66.3605,-1568.52,1682.12
0.796817,-1.42815,-1.57297,-69.2615,-1572.41,1681.87
0.810909,-1.41916,-1.55848,-72.1146,-1576.3,1681.59
0.822382,-1.40909,-1.5458,-74.8937,-1580.29,1681.32
0.836525,-1.40009,-1.53007,-77.5544,-1584.32,1681.06
0.851292,-1.39107,-1.51327,-80.1557,-1588.38,1680.83
0.861155,-1.37937,-1.5019,-82.8312,-1592.56,1680.56
0.874465,-1.36962,-1.4874,-85.3209,-1596.73,1680.32
0.88551,-1.35794,-1.47503,-87.7432,-1600.92,1680.1
0.897611,-1.34768,-1.46203,-90.0377,-1605.14,1679.85
0.910891,-1.33711,-1.44979,-92.2326,-1609.34,1679.59
0.924989,-1.32693,-1.43664,-94.3492,-1613.6,1679.34
0.935404,-1.31471,-1.42689,-96.4368,-1617.89,1679.13
0.944891,-1.30293,-1.41766,-98.4424,-1622.2,1678.9
0.95507,-1.29188,-1.40825,-100.361,-1626.47,1678.65
0.96731,-1.28044,-1.39762,-102.228,-1630.79,1678.4
0.982651,-1.2732,-1.38555,-103.806,-1635.04,1678.14
0.993187,-1.26355,-1.37679,-105.415,-1639.32,1677.91
1.00078,-1.25293,-1.3694,-107.012,-1643.59,1677.71
1.01107,-1.24308,-1.36303,-108.407,-1647.88,1677.56
1.02148,-1.23265,-1.35511,-109.791,-1652.13,1677.39
1.03071,-1.22289,-1.34562,-111.186,-1656.35,1677.25
1.03747,-1.21279,-1.3399,-112.474,-1660.6,1677.14
1.04324,-1.20247,-1.33698,-113.582,-1664.86,1677.05
1.05421,-1.19296,-1.32482,-114.704,-1668.96,1676.88
1.06313,-1.1835,-1.31867,-115.791,-1673.13,1676.62
1.07266,-1.17563,-1.31197,-116.73,-1677.25,1676.43
1.07773,-1.16293,-1.31006,-117.646,-1681.47,1676.31
1.0862,-1.15577,-1.3045,-118.44,-1685.56,1676.17
1.09607,-1.14713,-1.29505,-119.319,-1689.56,1675.94
1.09043,-1.13461,-1.30327,-119.74,-1693.83,1675.66
1.0969,-1.12925,-1.29715,-120.466,-1697.87,1675.51
1.11572,-1.12307,-1.27888,-121.014,-1701.68,1675.12
1.1318,-1.11794,-1.26544,-121.728,-1705.41,1674.94
1.13651,-1.11047,-1.26355,-122.25,-1709.28,1674.72
1.14068,-1.10471,-1.25704,-122.724,-1712.98,1674.47
1.14766,-1.10024,-1.25639,-123.174,-1716.71,1674.22
1.14256,-1.09301,-1.25814,-123.47,-1720.36,1673.86
1.14907,-1.08925,-1.25918,-123.803,-1723.94,1673.59
1.14917,-1.08225,-1.26212,-124.086,-1727.48,1673.3
1.15407,-1.07691,-1.25997,-124.393,-1730.83,1673.05
1.15855,-1.07436,-1.2598,-124.662,-1734.15,1672.79
1.16289,-1.06988,-1.25714,-124.846,-1737.37,1672.56
1.16816,-1.06751,-1.25765,-125.001,-1740.54,1672.28
1.17162,-1.06251,-1.25661,-125.197,-1743.63,1672.09
1.17598,-1.06002,-1.25411,-125.256,-1746.65,1671.97
1.18057,-1.05583,-1.25455,-125.381,-1749.53,1671.78
1.18423,-1.05324,-1.25285,-125.41,-1752.33,1671.68
1.18906,-1.04956,-1.25232,-125.474,-1754.97,1671.45
1.19269,-1.0488,-1.25371,-125.407,-1757.56,1671.37
1.19288,-1.04408,-1.25167,-125.467,-1759.92,1671.3
1.20279,-1.04206,-1.24992,-125.317,-1762.08,1671.16
1.20503,-1.04006,-1.25071,-125.322,-1764.13,1671.07
1.20841,-1.03821,-1.24962,-125.259,-1765.98,1671.02
1.20985,-1.03801,-1.25316,-125.103,-1767.68,1671.05
1.21138,-1.0368,-1.25382,-125.058,-1769.06,1670.95
1.21197,-1.03646,-1.2562,-124.974,-1770.32,1670.92
1.21402,-1.04662,-1.2589,-124.619,-1771.55,1670.83
1.21451,-1.04185,-1.26287,-124.73,-1772.29,1670.83
1.21362,-1.04373,-1.26514,-124.718,-1772.87,1670.7
1.21358,-1.04667,-1.26829,-124.617,-1773.32,1670.6
1.21332,-1.04953,-1.27197,-124.525,-1773.59,1670.55
1.22243,-1.05416,-1.26638,-124.553,-1773.54,1670.46
1.22249,-1.05527,-1.27075,-124.488,-1773.49,1670.5
1.22347,-1.057,-1.27455,-124.414,-1773.25,1670.53
1.2241,-1.05486,-1.27934,-124.434,-1772.95,1670.64
1.22498,-1.05555,-1.28335,-124.362,-1772.43,1670.68
1.21887,-1.05907,-1.29317,-124.091,-1771.96,1670.7
1.22077,-1.05409,-1.29529,-124.216,-1771.17,1670.88
1.22153,-1.05339,-1.2986,-124.219,-1770.27,1670.95
1.22269,-1.05263,-1.30246,-124.239,-1769.24,1670.97
1.22469,-1.05275,-1.30746,-124.248,-1768.12,1671.05
1.22411,-1.05271,-1.30988,-124.39,-1766.75,1670.99
1.2256,-1.05368,-1.31711,-124.482,-1765.26,1670.92
1.22697,-1.05543,-1.32252,-124.622,-1763.77,1671
1.22643,-1.05706,-1.32551,-124.86,-1762.12,1670.97
1.22633,-1.05825,-1.32961,-125.144,-1760.46,1670.97
1.23263,-1.06179,-1.33009,-125.378,-1758.74,1670.94
1.23105,-1.06081,-1.33231,-125.854,-1756.92,1670.82
1.23065,-1.06915,-1.33571,-126.144,-1755.22,1670.67
1.23159,-1.06457,-1.33635,-126.901,-1753.19,1670.54
1.22989,-1.06799,-1.34042,-127.533,-1751.28,1670.37
1.23143,-1.07009,-1.33662,-128.517,-1749.16,1669.96
1.23074,-1.07653,-1.33862,-129.333,-1747.18,1669.61
1.23331,-1.08163,-1.33713,-130.158,-1745.2,1669.16
1.23096,-1.08461,-1.33915,-131.193,-1743.26,1668.79
1.23343,-1.09017,-1.33743,-132.235,-1741.32,1668.32
1.22824,-1.09232,-1.34149,-133.435,-1739.48,1667.82
1.22383,-1.09762,-1.34323,-134.701,-1737.76,1667.4
1.23098,-1.10561,-1.3381,-135.799,-1735.97,1666.7
1.2266,-1.10943,-1.34202,-137.078,-1734.36,1666.1
1.2274,-1.11555,-1.34261,-138.315,-1732.83,1665.41
1.224,-1.12128,-1.34519,-139.617,-1731.38,1664.61
1.21886,-1.12523,-1.35514,-140.733,-1730.26,1663.87
1.22229,-1.13194,-1.35035,-142.188,-1728.96,1663
1.22171,-1.137,-1.35439,-143.442,-1727.99,1662.22
1.23275,-1.1514,-1.34836,-144.665,-1726.94,1661.35
1.23365,-1.15282,-1.34913,-146.055,-1726.29,1660.49
1.22438,-1.15219,-1.35737,-147.384,-1725.86,1659.56
1.21809,-1.1574,-1.3701,-148.497,-1725.55,1658.67
1.23072,-1.16049,-1.35571,-150.297,-1725.08,1657.66
1.22163,-1.16189,-1.36553,-151.589,-1725.11,1656.75
1.23073,-1.1804,-1.36837,-152.698,-1724.94,1656.06
1.23208,-1.18674,-1.37387,-154.024,-1725.3,1655.45
1.23508,-1.1909,-1.37848,-155.342,-1725.73,1654.8
1.23274,-1.19337,-1.38845,-156.791,-1726.51,1654.33
1.23254,-1.19446,-1.39671,-158.286,-1727.51,1653.92
1.23461,-1.19933,-1.40406,-159.675,-1728.72,1653.54
1.23315,-1.20165,-1.41403,-161.208,-1730.1,1653.19
1.23778,-1.20591,-1.41979,-162.725,-1731.69,1652.83
1.23178,-1.20739,-1.43282,-164.428,-1733.5,1652.49
1.23084,-1.20945,-1.44198,-166.141,-1735.56,1652.15
1.2281,-1.21258,-1.45275,-167.973,-1737.78,1651.8
1.22649,-1.21633,-1.46167,-169.882,-1740.24,1651.47
1.2217,-1.22048,-1.47231,-171.924,-1742.9,1651.09
1.21881,-1.22428,-1.48137,-174.029,-1745.75,1650.68
1.2195,-1.23095,-1.48863,-176.137,-1748.8,1650.21
1.21212,-1.23511,-1.50074,-178.566,-1752.11,1649.73
1.20557,-1.2373,-1.51201,-181.045,-1755.58,1649.16
1.20033,-1.24085,-1.52382,-183.573,-1759.28,1648.51
1.19948,-1.24734,-1.52814,-186.267,-1763.09,1647.63
1.19566,-1.25148,-1.53647,-189.065,-1767.12,1646.72
1.19227,-1.25614,-1.54558,-191.99,-1771.38,1645.71
1.19026,-1.26006,-1.55358,-195.017,-1775.79,1644.53
1.18809,-1.26277,-1.5612,-198.197,-1780.39,1643.23
1.18615,-1.265,-1.56839,-201.513,-1785.19,1641.8
1.18685,-1.26734,-1.57409,-204.911,-1790.21,1640.29
1.18858,-1.26872,-1.57935,-208.454,-1795.42,1638.69
1.18982,-1.26985,-1.58592,-212.105,-1800.81,1637.03
1.1916,-1.27283,-1.59002,-215.855,-1806.31,1635.23
1.19359,-1.27474,-1.59497,-219.722,-1811.88,1633.31
1.19574,-1.27802,-1.60126,-223.669,-1817.57,1631.37
1.19625,-1.28378,-1.60713,-227.704,-1823.3,1629.45
1.19566,-1.28831,-1.61643,-231.969,-1829.19,1627.54
1.19561,-1.29096,-1.62576,-236.276,-1835.13,1625.7
1.19776,-1.29814,-1.63327,-240.646,-1841.14,1623.96
1.19622,-1.30658,-1.64349,-245.26,-1847.21,1622.22
1.19304,-1.3148,-1.654,-249.9,-1853.32,1620.48
1.19113,-1.32629,-1.6625,-254.624,-1859.47,1618.81
1.18879,-1.33655,-1.67174,-259.564,-1865.74,1617.23
1.18295,-1.33725,-1.67653,-264.346,-1872.04,1615.8
1.1776,-1.34807,-1.68801,-269.514,-1878.43,1614.22
1.17537,-1.35387,-1.69656,-274.586,-1884.88,1612.56
1.16362,-1.35719,-1.71354,-280,-1891.26,1610.93
1.16118,-1.36428,-1.72019,-285.241,-1897.85,1609.33
1.15865,-1.37152,-1.7287,-290.552,-1904.49,1607.65
1.15656,-1.37965,-1.73637,-295.936,-1911.06,1605.91
1.15505,-1.38153,-1.74541,-301.172,-1917.57,1604.03
1.15475,-1.38885,-1.7541,-306.492,-1924.01,1602.06
1.15154,-1.39291,-1.76491,-311.792,-1930.3,1600.1
1.14689,-1.40206,-1.77542,-317.101,-1936.52,1598.19
1.14593,-1.40911,-1.78449,-322.228,-1942.61,1596.17
1.14247,-1.41642,-1.79539,-327.347,-1948.53,1594.11
1.14372,-1.42794,-1.79687,-332.392,-1954.71,1591.91
1.13931,-1.43003,-1.81647,-337.521,-1960.02,1589.76
1.1362,-1.44077,-1.82748,-342.607,-1965.61,1587.63
1.13807,-1.44459,-1.83862,-347.604,-1971.19,1585.52
1.14063,-1.45806,-1.83962,-352.662,-1977.02,1583.4
1.13678,-1.45573,-1.85539,-357.634,-1982.16,1581.49
1.14062,-1.46338,-1.85363,-362.557,-1987.85,1579.45
1.14281,-1.46729,-1.85808,-367.474,-1993.17,1577.63
1.14344,-1.47158,-1.86645,-372.421,-1998.24,1575.8
1.14323,-1.47541,-1.87432,-377.214,-2003.26,1574.05
1.14347,-1.4791,-1.88053,-381.88,-2008.14,1572.35
1.14104,-1.483,-1.88849,-386.502,-2012.87,1570.69
1.14033,-1.4893,-1.89357,-391.067,-2017.53,1569.07
1.13871,-1.49329,-1.90246,-395.509,-2021.96,1567.44
1.13911,-1.49795,-1.90733,-399.74,-2026.42,1565.81
1.13701,-1.50162,-1.91532,-404.062,-2030.61,1564.21
1.13481,-1.50586,-1.92312,-408.173,-2034.79,1562.65
1.13283,-1.51204,-1.93178,-412.215,-2038.75,1561.06
1.12061,-1.50375,-1.95951,-416.133,-2043.12,1559.46
1.11918,-1.51154,-1.96529,-419.962,-2046.83,1557.84
1.11561,-1.51543,-1.97683,-423.74,-2050.38,1556.34
1.11523,-1.52253,-1.98428,-427.342,-2053.85,1554.75
1.11145,-1.52769,-1.99302,-430.954,-2057.18,1553.28
1.11072,-1.53563,-1.99999,-434.39,-2060.44,1551.7
1.10802,-1.54122,-2.00607,-437.723,-2063.48,1550.08
1.10136,-1.54206,-2.01996,-441.061,-2066.42,1548.43
1.0973,-1.54784,-2.02448,-444.214,-2069.25,1546.78
1.09379,-1.55339,-2.03119,-447.268,-2071.96,1545.1
1.09001,-1.55693,-2.03677,-450.326,-2074.63,1543.54
1.0883,-1.56045,-2.04377,-453.266,-2077.21,1541.84
1.08522,-1.56548,-2.04693,-456.186,-2079.69,1540.25
1.08796,-1.575,-2.04656,-458.936,-2082.11,1538.5
1.0796,-1.57538,-2.05633,-461.711,-2084.28,1536.88
1.0755,-1.57878,-2.06473,-464.281,-2086.38,1535.17
1.07153,-1.58503,-2.06641,-466.86,-2088.38,1533.52
1.07202,-1.59172,-2.07019,-469.332,-2090.34,1531.66
1.0645,-1.59434,-2.07879,-471.786,-2092.17,1530.01
1.06635,-1.60027,-2.07886,-474.187,-2093.98,1528.14
1.06308,-1.60329,-2.08323,-476.554,-2095.72,1526.44
1.05841,-1.60332,-2.08879,-478.918,-2097.41,1524.58
1.05904,-1.60818,-2.09008,-481.156,-2099.06,1522.76
1.055,-1.61099,-2.09241,-483.458,-2100.58,1520.91
1.05515,-1.6153,-2.09239,-485.651,-2102.1,1519.03
1.05296,-1.61911,-2.09293,-487.79,-2103.56,1517.23
1.0531,-1.62536,-2.09111,-489.931,-2104.9,1515.31
1.05096,-1.62629,-2.09385,-491.925,-2106.2,1513.5
1.05058,-1.62828,-2.09634,-493.964,-2107.33,1511.61
1.05259,-1.63407,-2.0925,-495.908,-2108.49,1509.86
1.05384,-1.63589,-2.09236,-497.868,-2109.6,1508.07
1.05478,-1.63607,-2.09322,-499.763,-2110.56,1506.34
1.05792,-1.63809,-2.09022,-501.607,-2111.5,1504.7
1.06047,-1.63854,-2.09058,-503.364,-2112.37,1503.06
1.06835,-1.64222,-2.08223,-505.016,-2113.22,1501.46
1.06866,-1.64199,-2.08338,-506.655,-2113.92,1500.01
1.07891,-1.64725,-2.07294,-508.214,-2114.63,1498.46
1.07814,-1.64551,-2.07596,-509.744,-2115.17,1497.18
1.08107,-1.6448,-2.07432,-511.196,-2115.69,1495.88
1.08921,-1.64933,-2.06733,-512.442,-2116.17,1494.68
1.0888,-1.64957,-2.0675,-513.664,-2116.57,1493.57
1.09374,-1.65243,-2.06329,-514.717,-2116.85,1492.47
1.09521,-1.65503,-2.06031,-515.606,-2117.05,1491.47
1.09785,-1.65811,-2.057,-516.37,-2117.13,1490.53
1.0989,-1.65878,-2.05653,-517.031,-2117.14,1489.7
1.0998,-1.66541,-2.05274,-517.581,-2117.03,1489.05
1.1008,-1.66957,-2.04884,-517.876,-2116.85,1488.41
1.10251,-1.67494,-2.04536,-517.98,-2116.58,1487.82
1.09962,-1.6764,-2.04673,-517.964,-2116.2,1487.44
1.10015,-1.68223,-2.04212,-517.753,-2115.77,1487.09
1.09893,-1.68382,-2.04199,-517.458,-2115.28,1486.95
1.09793,-1.68557,-2.04078,-517.028,-2114.8,1486.97
1.09891,-1.68911,-2.03746,-516.497,-2114.32,1487.15
1.09943,-1.69163,-2.03362,-515.889,-2113.82,1487.41
1.10007,-1.69346,-2.02935,-515.101,-2113.22,1487.77
1.10387,-1.69776,-2.02229,-514.209,-2112.61,1488.16
1.10171,-1.69582,-2.02371,-513.221,-2111.92,1488.65
1.09969,-1.69477,-2.02182,-512.091,-2111.19,1489.31
1.10062,-1.69933,-2.01484,-510.842,-2110.44,1490.06
1.10051,-1.70132,-2.0108,-509.49,-2109.6,1490.86
1.10155,-1.70282,-2.00415,-507.951,-2108.76,1491.63
1.09856,-1.70253,-2.00093,-506.477,-2107.81,1492.59
1.09512,-1.69911,-2.00012,-504.792,-2106.81,1493.66
1.09888,-1.70414,-1.99104,-502.983,-2105.84,1494.72
1.09477,-1.69865,-1.99211,-501.083,-2104.71,1495.92
1.09437,-1.70103,-1.9858,-499.071,-2103.52,1497.22
1.09582,-1.7013,-1.98199,-496.809,-2102.36,1498.43
1.09389,-1.70216,-1.97699,-494.651,-2101.04,1499.87
1.08961,-1.69762,-1.98037,-492.243,-2099.58,1501.18
1.08899,-1.69632,-1.9752,-489.817,-2098.19,1502.74
1.08937,-1.69637,-1.96983,-487.315,-2096.69,1504.33
1.08465,-1.69056,-1.97171,-484.721,-2095.11,1506.02
1.08653,-1.68995,-1.96304,-482,-2093.5,1507.69
1.08594,-1.68935,-1.95792,-479.214,-2091.8,1509.61
1.08492,-1.68575,-1.95488,-476.277,-2089.99,1511.27
1.0826,-1.68581,-1.94648,-473.261,-2088.12,1513.26
1.07886,-1.68056,-1.94445,-470.049,-2086.08,1515.13
1.07571,-1.67959,-1.93918,-466.822,-2083.97,1517.2
1.07379,-1.67766,-1.93272,-463.487,-2081.78,1519.23
1.07279,-1.67556,-1.92814,-460.017,-2079.48,1521.26
1.0716,-1.67482,-1.92193,-456.421,-2077.06,1523.52
1.06609,-1.66927,-1.9208,-452.81,-2074.49,1525.78
1.06634,-1.66911,-1.91412,-448.896,-2071.83,1527.95
1.06397,-1.66844,-1.91237,-444.978,-2068.93,1530.21
1.05968,-1.66837,-1.90239,-440.935,-2065.97,1532.47
1.05395,-1.66202,-1.9053,-436.807,-2062.83,1534.64
1.05423,-1.66325,-1.89281,-432.607,-2059.72,1537.03
1.05235,-1.66114,-1.88697,-428.391,-2056.46,1539.4
1.04923,-1.65603,-1.88363,-424.125,-2053.08,1541.8
1.05165,-1.65543,-1.87174,-419.709,-2049.67,1544.11
1.04606,-1.6488,-1.8707,-415.322,-2046.04,1546.5
1.04526,-1.64662,-1.86221,-410.764,-2042.3,1548.9
1.04388,-1.64318,-1.85813,-406.063,-2038.48,1551.38
1.04202,-1.63867,-1.84963,-401.402,-2034.55,1553.73
1.04451,-1.6348,-1.84296,-396.607,-2030.52,1556.09
1.03947,-1.62171,-1.84442,-391.736,-2026.32,1558.57
1.03445,-1.61684,-1.83699,-386.679,-2022.13,1560.87
1.04196,-1.61578,-1.82274,-381.776,-2017.59,1563.19
1.03852,-1.61079,-1.81701,-376.648,-2013.08,1565.59
1.03573,-1.60298,-1.81449,-371.488,-2008.4,1567.9
1.03193,-1.59578,-1.81517,-366.268,-2003.59,1570.17
1.03352,-1.5927,-1.80487,-360.909,-1998.71,1572.38
1.03095,-1.58014,-1.79505,-355.465,-1993.93,1574.79
1.02936,-1.57364,-1.79194,-349.987,-1988.71,1576.98
1.02962,-1.57417,-1.7839,-344.541,-1983.42,1579.12
1.02763,-1.56751,-1.78103,-339.069,-1977.91,1581.33
1.02643,-1.56519,-1.77584,-333.443,-1972.3,1583.48
1.02387,-1.56378,-1.77022,-327.93,-1966.49,1585.56
1.02421,-1.56093,-1.76449,-322.169,-1960.67,1587.61
1.02117,-1.5555,-1.76592,-316.564,-1954.47,1589.58
1.02255,-1.55249,-1.75778,-310.77,-1948.41,1591.56
1.02045,-1.55123,-1.75129,-305.058,-1942.07,1593.54
1.02196,-1.54966,-1.74351,-299.26,-1935.75,1595.35
1.02056,-1.54949,-1.73278,-293.482,-1929.22,1597.27
1.01699,-1.55151,-1.72572,-287.753,-1922.55,1599.04
1.01455,-1.5471,-1.72264,-282.072,-1915.72,1600.8
1.01769,-1.5478,-1.71322,-276.335,-1908.94,1602.37
1.01488,-1.52826,-1.71313,-270.562,-1902.28,1604.02
1.01154,-1.52317,-1.70495,-264.977,-1895.35,1605.79
1.01721,-1.52084,-1.69541,-259.422,-1888.43,1607.29
1.01916,-1.526,-1.69172,-254.301,-1881.43,1608.84
1.01885,-1.5205,-1.68569,-248.838,-1874.34,1610.47
1.02128,-1.51694,-1.67524,-243.354,-1867.29,1611.98
1.02063,-1.51357,-1.6684,-237.922,-1860.21,1613.45
1.01864,-1.50721,-1.66431,-232.585,-1853.03,1614.9
1.02018,-1.50492,-1.65298,-227.224,-1846.01,1616.38
1.03128,-1.51021,-1.62792,-221.935,-1838.7,1617.84
1.02988,-1.50151,-1.62713,-216.736,-1831.58,1619.33
1.03351,-1.49899,-1.61693,-211.451,-1824.77,1620.86
1.03581,-1.49354,-1.61091,-206.237,-1817.94,1622.39
1.03763,-1.48856,-1.60372,-201.076,-1811.2,1623.94
1.03686,-1.48323,-1.59914,-195.95,-1804.53,1625.5
1.03888,-1.47863,-1.59276,-190.87,-1797.98,1627.01
1.03833,-1.47109,-1.58853,-185.863,-1791.54,1628.6
1.0425,-1.46541,-1.58095,-180.91,-1785.28,1630.19
1.04028,-1.45654,-1.57886,-176.075,-1779.15,1631.83
1.04247,-1.45003,-1.57126,-171.275,-1773.2,1633.47
1.04299,-1.44295,-1.56489,-166.593,-1767.38,1635.09
1.04261,-1.43635,-1.56014,-162.006,-1761.66,1636.72
1.0434,-1.42996,-1.55599,-157.43,-1756.05,1638.28
1.04181,-1.42451,-1.55006,-152.981,-1750.64,1639.9
1.04271,-1.41983,-1.54344,-148.612,-1745.29,1641.37
1.04044,-1.41373,-1.53978,-144.311,-1740.12,1642.87
1.04057,-1.41002,-1.53447,-140.088,-1735.09,1644.29
1.04099,-1.40572,-1.52891,-135.871,-1730.17,1645.7
1.03951,-1.40376,-1.52691,-131.816,-1725.34,1647.05
1.04021,-1.39961,-1.5208,-127.713,-1720.68,1648.37
1.03967,-1.39613,-1.51775,-123.742,-1716.09,1649.66
1.03978,-1.39355,-1.51429,-119.767,-1711.64,1650.93
1.03864,-1.38895,-1.51242,-115.937,-1707.4,1652.19
1.03927,-1.38454,-1.50858,-112.135,-1703.28,1653.43
1.03953,-1.3801,-1.5051,-108.42,-1699.38,1654.66
1.04166,-1.37534,-1.49896,-104.734,-1695.69,1655.88
1.04394,-1.37017,-1.49435,-101.133,-1692.15,1657.11
1.03566,-1.35763,-1.50442,-97.7691,-1688.31,1658.25
1.03923,-1.3548,-1.49719,-94.1437,-1685.04,1659.45
1.03807,-1.34794,-1.49287,-90.7247,-1681.98,1660.65
1.03918,-1.34466,-1.48661,-87.2473,-1678.98,1661.77
1.04048,-1.34076,-1.48142,-83.8469,-1676.13,1662.87
1.03965,-1.33665,-1.47675,-80.5291,-1673.41,1663.96
1.03927,-1.33342,-1.47099,-77.1802,-1670.79,1665.01
1.03777,-1.32955,-1.46652,-73.9686,-1668.29,1665.99
1.03818,-1.32654,-1.46104,-70.7673,-1665.91,1666.88
1.03586,-1.3243,-1.45661,-67.6268,-1663.62,1667.64
1.03487,-1.32175,-1.4511,-64.5366,-1661.44,1668.32
1.03484,-1.3199,-1.44571,-61.4485,-1659.37,1668.87
1.03251,-1.31661,-1.4406,-58.4478,-1657.39,1669.38
1.03189,-1.31438,-1.43494,-55.4706,-1655.55,1669.81
1.02991,-1.31209,-1.43123,-52.572,-1653.85,1670.22
1.02884,-1.30893,-1.42701,-49.7099,-1652.32,1670.59
1.0309,-1.30547,-1.42087,-46.895,-1650.96,1670.85
1.03118,-1.30126,-1.41621,-44.1275,-1649.72,1671.07
1.03613,-1.2991,-1.40968,-41.271,-1648.55,1671.18
1.03161,-1.29351,-1.40915,-38.6599,-1647.59,1671.29
1.03103,-1.28818,-1.40648,-36.0126,-1646.65,1671.35
1.03186,-1.28622,-1.40329,-33.33,-1645.82,1671.36
1.03324,-1.2836,-1.40066,-30.7549,-1645.04,1671.33
1.03328,-1.28196,-1.39896,-28.2579,-1644.38,1671.33
1.03369,-1.27999,-1.39741,-25.8535,-1643.78,1671.3
1.03304,-1.27862,-1.3969,-23.5032,-1643.25,1671.24
1.03483,-1.27797,-1.39486,-21.2474,-1642.8,1671.23
1.0359,-1.27583,-1.39459,-19.1689,-1642.43,1671.25
1.03986,-1.27559,-1.39248,-17.0936,-1642.13,1671.29
1.04165,-1.27462,-1.39184,-15.1894,-1641.93,1671.36
1.04922,-1.27612,-1.38933,-13.2313,-1641.71,1671.34
1.04603,-1.27342,-1.39268,-11.6694,-1641.66,1671.48
1.05334,-1.27602,-1.38946,-9.85772,-1641.53,1671.54
1.05628,-1.27787,-1.38711,-8.26436,-1641.49,1671.67
1.05275,-1.279,-1.38854,-6.77583,-1641.48,1671.77
1.04705,-1.27961,-1.38906,-5.39235,-1641.49,1671.86
1.04593,-1.2827,-1.38667,-3.95346,-1641.43,1671.89
1.04251,-1.28425,-1.38699,-2.58912,-1641.34,1671.95
1.04123,-1.28707,-1.38506,-1.22869,-1641.27,1672.02
1.03969,-1.28943,-1.38453,0.191658,-1641.12,1671.97
1.03851,-1.29033,-1.38465,1.50844,-1640.95,1671.93
1.03852,-1.29167,-1.3832,2.88088,-1640.7,1671.85
1.03863,-1.29432,-1.3831,4.24524,-1640.35,1671.69
1.03766,-1.2953,-1.38388,5.56222,-1639.87,1671.46
1.03803,-1.29789,-1.38417,6.88045,-1639.36,1671.21
1.03677,-1.29946,-1.38597,8.11322,-1638.72,1670.94
1.0352,-1.30037,-1.38756,9.29617,-1638.09,1670.73
1.04127,-1.30404,-1.38406,10.6643,-1637.28,1670.49
1.03805,-1.30379,-1.38604,11.7726,-1636.53,1670.32
1.03893,-1.30393,-1.38605,12.9141,-1635.7,1670.14
1.04249,-1.30545,-1.38377,14.1499,-1634.7,1669.96
1.04199,-1.3056,-1.38371,15.2474,-1633.67,1669.78
1.0461,-1.30725,-1.38021,16.4918,-1632.47,1669.55
1.04585,-1.308,-1.37969,17.6543,-1631.23,1669.36
1.04523,-1.30956,-1.37834,18.8518,-1629.92,1669.22
1.0488,-1.31244,-1.37397,20.1755,-1628.44,1669.11
1.04801,-1.31494,-1.37244,21.3986,-1626.9,1669.01
1.0476,-1.31651,-1.37159,22.6692,-1625.26,1668.94
1.04827,-1.3188,-1.37104,23.9893,-1623.49,1668.85
1.04798,-1.32009,-1.37207,25.3562,-1621.58,1668.82
1.04959,-1.32243,-1.37142,26.7993,-1619.63,1668.8
1.04875,-1.32294,-1.37296,28.1693,-1617.64,1668.87
1.04959,-1.32344,-1.37325,29.5999,-1615.56,1668.93
1.04702,-1.32136,-1.37469,30.9057,-1613.5,1669.09
1.04611,-1.32119,-1.37567,32.2522,-1611.39,1669.31
1.04864,-1.32034,-1.37393,33.5677,-1609.21,1669.56
1.04779,-1.31774,-1.37489,34.7262,-1607.05,1669.85
1.04832,-1.31546,-1.37328,35.8389,-1604.78,1670.12
1.04956,-1.31408,-1.37092,36.9365,-1602.41,1670.35
1.04806,-1.31209,-1.37091,37.8277,-1600.02,1670.58
1.04519,-1.30956,-1.37063,38.5609,-1597.56,1670.81
1.04576,-1.30765,-1.36767,39.2714,-1594.99,1671.01
1.04335,-1.30683,-1.36598,39.8,-1592.38,1671.17
1.0441,-1.30615,-1.36225,40.2359,-1589.65,1671.24
1.04242,-1.30603,-1.35859,40.5459,-1586.84,1671.25
1.03933,-1.30606,-1.35571,40.6701,-1583.92,1671.19
1.03784,-1.30543,-1.35093,40.7023,-1580.9,1671.06
1.04008,-1.30757,-1.34346,40.6915,-1577.71,1670.88
1.03773,-1.30798,-1.33933,40.4846,-1574.46,1670.67
1.03222,-1.30778,-1.33674,40.0651,-1571.15,1670.38
1.02873,-1.30939,-1.33249,39.666,-1567.68,1670
1.02501,-1.31095,-1.32876,39.0991,-1564.11,1669.58
1.02277,-1.3127,-1.32431,38.4949,-1560.41,1669.12
1.02012,-1.31403,-1.32121,37.7633,-1556.6,1668.66
1.01992,-1.31586,-1.31571,36.962,-1552.68,1668.19
1.02009,-1.31804,-1.31103,36.0953,-1548.65,1667.68
1.01924,-1.31989,-1.30789,35.1139,-1544.49,1667.07
1.01782,-1.32223,-1.30517,34.037,-1540.2,1666.41
1.01571,-1.32338,-1.30354,32.8293,-1535.83,1665.76
1.01678,-1.32746,-1.30022,31.6401,-1531.34,1665.05
1.01543,-1.32989,-1.2987,30.3099,-1526.78,1664.39
1.01534,-1.33188,-1.29636,28.8957,-1522.09,1663.73
1.01777,-1.33381,-1.29299,27.4375,-1517.3,1663.05
1.01614,-1.33455,-1.29347,25.8623,-1512.4,1662.37
1.01877,-1.33732,-1.29002,24.2573,-1507.36,1661.62
1.01781,-1.33829,-1.28992,22.6024,-1502.17,1660.88
1.0181,-1.33999,-1.28745,20.8586,-1496.87,1660.13
1.01844,-1.34206,-1.28667,19.0672,-1491.43,1659.4
1.01931,-1.34444,-1.28486,17.219,-1485.85,1658.64
1.01504,-1.3453,-1.28888,15.2982,-1480.19,1657.85
1.01808,-1.34873,-1.28228,13.3119,-1474.29,1657
1.01541,-1.34932,-1.28376,11.2097,-1468.3,1656.19
1.01527,-1.35058,-1.28229,9.13411,-1462.18,1655.44
1.01361,-1.35248,-1.27928,6.9968,-1455.96,1654.59
1.01131,-1.35312,-1.27787,4.80169,-1449.58,1653.81
1.00917,-1.35273,-1.27499,2.53624,-1443.07,1653.05
1.00545,-1.35237,-1.27378,0.255803,-1436.44,1652.28
1.00346,-1.35231,-1.2705,-2.02509,-1429.69,1651.58
1.00056,-1.35288,-1.26556,-4.32446,-1422.87,1650.86
0.997634,-1.35296,-1.26185,-6.68508,-1415.89,1650.31
0.994317,-1.35142,-1.25973,-9.07383,-1408.73,1649.74
0.996534,-1.35123,-1.25442,-11.509,-1401.7,1649.24
0.99078,-1.34947,-1.2559,-13.8477,-1394.36,1648.84
0.991387,-1.34979,-1.24922,-16.2764,-1386.78,1648.47
0.990661,-1.34839,-1.24677,-18.7056,-1379.14,1648.17
0.988177,-1.34407,-1.24522,-21.0995,-1371.41,1648
0.988965,-1.34427,-1.24396,-23.6804,-1363.63,1647.9
0.989197,-1.34101,-1.24478,-26.1635,-1355.84,1647.94
0.990586,-1.33862,-1.2399,-28.7981,-1347.92,1647.97
0.991764,-1.33504,-1.23693,-31.3863,-1340.03,1648.08
0.993513,-1.33216,-1.23431,-33.9121,-1332.06,1648.18
0.994096,-1.33,-1.23151,-36.4835,-1324.09,1648.28
0.990205,-1.32731,-1.23696,-39.1961,-1316.59,1648.28
0.991049,-1.32546,-1.23376,-41.8064,-1308.55,1648.41
0.991262,-1.32224,-1.23166,-44.4612,-1300.52,1648.58
0.992672,-1.32104,-1.22893,-47.1039,-1292.55,1648.81
0.992617,-1.31885,-1.22763,-49.6979,-1284.69,1649.03
0.992431,-1.31876,-1.22141,-52.4911,-1276.8,1649.11
0.993761,-1.31684,-1.21328,-55.05,-1269.07,1649.14
0.992536,-1.32028,-1.20854,-57.6895,-1261.43,1649.09
0.991977,-1.32252,-1.20215,-60.2105,-1253.91,1649.03
0.990756,-1.32401,-1.19696,-62.6809,-1246.49,1648.96
0.991381,-1.32617,-1.18942,-65.1044,-1239.24,1648.93
0.989202,-1.32684,-1.18544,-67.4792,-1232.15,1648.99
0.988241,-1.32797,-1.1816,-69.8015,-1225.19,1649.15
0.985366,-1.32715,-1.18201,-72.0309,-1218.44,1649.38
0.989587,-1.32751,-1.17328,-74.364,-1211.75,1649.6
0.989553,-1.32667,-1.17221,-76.5641,-1205.24,1649.9
0.990312,-1.32366,-1.16973,-78.7724,-1198.89,1650.21
0.994207,-1.32187,-1.1633,-80.8918,-1192.66,1650.49
0.991633,-1.31823,-1.16393,-83.1262,-1186.6,1650.78
0.991699,-1.31408,-1.16158,-85.3423,-1180.64,1651.04
0.990554,-1.30979,-1.15925,-87.4159,-1174.88,1651.3
0.982017,-1.30525,-1.16177,-89.3823,-1169.34,1651.42
0.981644,-1.30179,-1.15418,-91.5589,-1163.76,1651.52
0.980314,-1.29862,-1.14632,-93.7439,-1158.29,1651.56
0.978241,-1.2952,-1.13816,-95.9431,-1152.89,1651.52
0.972558,-1.28698,-1.13112,-98.0291,-1147.55,1651.38
0.970964,-1.28977,-1.1235,-100.323,-1142.27,1651.17
0.980119,-1.30201,-1.1084,-102.974,-1136.89,1650.78
0.978996,-1.30218,-1.09986,-105.12,-1131.77,1650.54
0.970928,-1.29965,-1.1007,-107.068,-1126.8,1650.26
0.967588,-1.29691,-1.0957,-109.318,-1121.76,1649.86
0.968346,-1.29271,-1.08555,-111.522,-1116.83,1649.41
0.967756,-1.29002,-1.07721,-113.698,-1111.99,1648.96
0.963377,-1.27792,-1.07073,-115.675,-1107.26,1648.44
0.968896,-1.28445,-1.05687,-118.316,-1102.41,1647.85
0.964813,-1.27244,-1.04874,-120.394,-1097.81,1647.21
0.961151,-1.27517,-1.04441,-122.958,-1093.2,1646.55
0.954732,-1.26173,-1.04009,-124.627,-1088.94,1645.91
0.954147,-1.26431,-1.02987,-127.212,-1084.46,1645.12
0.949091,-1.25153,-1.02127,-129.306,-1080.15,1644.23
0.94843,-1.25669,-1.01168,-131.884,-1075.81,1643.27
0.940436,-1.24537,-1.00501,-134.086,-1071.57,1642.2
0.938449,-1.24325,-0.994368,-136.384,-1067.36,1641.05
0.934372,-1.2423,-0.985239,-138.805,-1063.11,1639.79
0.930707,-1.24086,-0.976166,-141.193,-1058.87,1638.38
0.929843,-1.252,-0.967009,-143.683,-1054.7,1636.91
0.925728,-1.2501,-0.956683,-146.113,-1050.45,1635.19
0.921635,-1.24906,-0.947228,-148.443,-1046.32,1633.42
0.917928,-1.25058,-0.937214,-150.795,-1042.2,1631.56
0.913204,-1.25305,-0.928388,-153.146,-1038.09,1629.6
0.908823,-1.25404,-0.919428,-155.487,-1034.03,1627.58
0.898625,-1.25788,-0.91664,-157.804,-1030.13,1625.56
0.890587,-1.24897,-0.909638,-159.999,-1026.05,1623.41
0.888497,-1.25914,-0.901678,-161.895,-1022.23,1621.33
0.883038,-1.25363,-0.894816,-164.47,-1018.05,1619
0.878487,-1.25515,-0.88751,-166.67,-1014.1,1616.69
0.874361,-1.25978,-0.879495,-168.77,-1010.21,1614.31
0.863558,-1.24787,-0.872453,-170.465,-1006.41,1611.93
0.859362,-1.25308,-0.86312,-172.549,-1002.61,1609.49
0.864524,-1.25376,-0.847821,-174.415,-998.774,1607
0.867084,-1.2739,-0.83857,-176.857,-995.026,1604.54
0.863116,-1.2774,-0.830753,-178.9,-991.318,1602.14
0.859316,-1.28122,-0.823114,-180.839,-987.654,1599.75
0.848814,-1.26733,-0.817538,-182.081,-984.144,1597.43
0.843695,-1.26634,-0.811651,-184.077,-980.467,1594.98
0.841663,-1.27365,-0.804569,-185.669,-977.029,1592.64
0.839144,-1.27862,-0.79856,-187.299,-973.584,1590.27
0.835771,-1.28106,-0.792784,-189.037,-970.104,1587.78
0.830992,-1.28368,-0.78794,-190.767,-966.649,1585.24
0.837768,-1.3136,-0.778446,-193.151,-963.193,1582.71
0.833149,-1.31768,-0.773402,-194.868,-959.799,1580.15
0.825169,-1.31272,-0.769469,-196.346,-956.461,1577.61
0.821156,-1.31689,-0.764394,-198.019,-953.174,1575.09
0.811015,-1.30503,-0.762777,-199.321,-949.957,1572.55
0.807718,-1.30911,-0.758102,-200.981,-946.79,1570.09
0.814926,-1.33822,-0.74972,-203.318,-943.641,1567.7
0.812187,-1.34126,-0.745961,-204.996,-940.587,1565.36
0.808623,-1.34271,-0.743559,-206.645,-937.624,1563.08
0.806098,-1.34433,-0.740492,-208.293,-934.737,1560.8
0.802978,-1.34539,-0.738055,-209.997,-931.901,1558.55
0.800598,-1.34712,-0.734832,-211.672,-929.133,1556.29
0.797639,-1.34805,-0.73258,-213.369,-926.436,1554.06
0.792494,-1.3428,-0.731311,-214.915,-923.794,1551.84
0.790562,-1.34522,-0.72783,-216.664,-921.165,1549.65
0.790835,-1.35547,-0.723188,-218.55,-918.566,1547.46
0.787687,-1.35862,-0.72022,-220.259,-916.02,1545.21
0.783879,-1.36091,-0.717379,-221.938,-913.52,1542.89
0.781717,-1.36509,-0.712595,-223.642,-911.052,1540.55
0.777678,-1.36773,-0.708952,-225.367,-908.65,1538.18
0.774223,-1.37196,-0.704686,-227.056,-906.284,1535.84
0.770014,-1.37531,-0.700329,-228.759,-903.952,1533.46
0.76544,-1.37882,-0.696588,-230.417,-901.667,1531.06
0.761888,-1.38175,-0.691795,-232.093,-899.414,1528.63
0.75822,-1.38544,-0.687683,-233.74,-897.198,1526.13
0.754371,-1.38773,-0.683609,-235.404,-895.027,1523.57
0.750613,-1.39063,-0.680206,-236.995,-892.925,1520.95
0.747351,-1.39282,-0.676668,-238.601,-890.857,1518.27
0.741411,-1.38954,-0.67537,-239.983,-888.871,1515.51
0.74098,-1.39846,-0.669989,-241.674,-886.947,1512.79
0.737717,-1.40122,-0.66712,-243.159,-885.117,1509.98
0.73449,-1.40278,-0.6641,-244.63,-883.343,1507.16
0.732071,-1.40552,-0.660904,-246.068,-881.628,1504.33
0.730081,-1.4074,-0.657851,-247.528,-879.975,1501.49
0.725464,-1.40436,-0.656691,-248.775,-878.381,1498.62
0.727012,-1.41335,-0.652495,-250.351,-876.82,1495.86
0.725781,-1.41685,-0.650478,-251.631,-875.344,1493.1
0.725551,-1.42046,-0.64871,-252.918,-873.925,1490.39
0.725183,-1.42322,-0.648192,-254.158,-872.568,1487.76
0.720241,-1.42739,-0.654348,-255.391,-871.37,1485.15
0.719778,-1.43161,-0.652542,-256.566,-870.15,1482.7
0.720505,-1.43461,-0.6513,-257.661,-869.052,1480.33
0.725542,-1.43672,-0.647055,-258.59,-868.03,1478.1
0.725152,-1.43931,-0.647019,-259.581,-867.154,1476.05
0.724574,-1.44094,-0.646605,-260.53,-866.386,1474.2
0.723475,-1.44237,-0.646391,-261.448,-865.754,1472.5
0.722437,-1.44362,-0.644991,-262.28,-865.222,1470.98
0.720332,-1.44351,-0.643882,-263.089,-864.803,1469.63
0.717869,-1.44218,-0.643299,-263.902,-864.468,1468.48
0.713717,-1.43619,-0.64367,-264.506,-864.254,1467.45
0.714548,-1.44015,-0.64034,-265.326,-864.127,1466.6
0.713924,-1.43831,-0.63802,-266.029,-864.1,1465.8
0.711963,-1.4367,-0.637612,-266.638,-864.187,1465.06
0.71111,-1.43582,-0.636082,-267.185,-864.394,1464.42
0.711109,-1.43532,-0.634019,-267.677,-864.714,1463.87
0.711339,-1.43602,-0.632598,-268.122,-865.134,1463.43
0.71193,-1.4363,-0.630969,-268.526,-865.646,1463.1
0.712213,-1.4369,-0.630216,-268.864,-866.273,1462.85
0.71247,-1.43807,-0.629837,-269.111,-866.979,1462.73
0.711504,-1.43435,-0.631305,-269.165,-867.79,1462.76
0.715062,-1.44008,-0.629507,-269.424,-868.68,1463.08
0.716165,-1.44089,-0.629851,-269.444,-869.703,1463.6
0.71725,-1.4401,-0.630807,-269.379,-870.835,1464.34
0.718414,-1.4398,-0.631408,-269.219,-872.089,1465.28
0.718142,-1.43325,-0.633311,-268.811,-873.472,1466.44
0.721461,-1.4375,-0.634128,-268.55,-874.961,1467.85
0.723157,-1.4353,-0.63613,-268.074,-876.585,1469.47
0.724609,-1.43279,-0.638417,-267.511,-878.325,1471.33
0.726254,-1.42975,-0.6411,-266.852,-880.199,1473.45
0.729062,-1.42613,-0.643496,-266.083,-882.189,1475.81
0.725675,-1.42245,-0.653644,-265.308,-884.39,1478.34
0.728625,-1.4168,-0.657947,-264.352,-886.658,1481.06
0.734709,-1.41201,-0.655092,-263.247,-888.936,1484.06
0.736638,-1.40755,-0.659535,-262.064,-891.469,1487.17
0.738619,-1.40153,-0.664126,-260.827,-894.142,1490.42
0.740144,-1.39515,-0.668611,-259.475,-896.963,1493.86
0.741659,-1.38827,-0.673453,-258.009,-899.96,1497.48
0.743144,-1.37977,-0.678188,-256.469,-903.101,1501.29
0.744824,-1.37181,-0.682256,-254.778,-906.411,1505.25
0.746505,-1.36281,-0.686164,-253.031,-909.876,1509.31
0.748644,-1.35446,-0.689499,-251.191,-913.493,1513.43
0.749763,-1.34439,-0.693806,-249.281,-917.241,1517.61
0.751599,-1.33435,-0.697342,-247.28,-921.143,1521.84
0.753564,-1.32423,-0.700704,-245.23,-925.171,1526.08
0.755385,-1.31401,-0.704944,-243.09,-929.331,1530.34
0.757944,-1.30299,-0.708805,-240.87,-933.619,1534.57
0.760296,-1.2915,-0.712252,-238.619,-938.038,1538.73
0.763098,-1.28214,-0.716359,-236.27,-942.596,1542.82
0.765957,-1.27306,-0.720174,-233.868,-947.268,1546.85
0.768673,-1.26334,-0.723958,-231.459,-952.069,1550.81
0.76899,-1.24626,-0.729404,-228.775,-957.031,1554.71
0.772226,-1.23715,-0.73373,-226.237,-962.06,1558.6
0.771347,-1.23585,-0.742171,-223.931,-967.213,1562.54
0.776129,-1.22645,-0.747095,-221.221,-972.494,1566.33
0.78004,-1.2175,-0.751915,-218.473,-977.891,1570.11
0.781625,-1.20152,-0.758107,-215.488,-983.454,1573.85
0.779169,-1.17711,-0.766031,-212.182,-989.176,1577.63
0.783518,-1.167,-0.772345,-209.208,-994.984,1581.42
0.788028,-1.15702,-0.778757,-206.173,-1000.91,1585.19
0.806876,-1.17651,-0.78342,-203.64,-1007.14,1589.07
0.814561,-1.17299,-0.789452,-200.477,-1013.41,1592.99
0.818998,-1.16471,-0.797525,-197.194,-1019.76,1596.82
0.805968,-1.12214,-0.808265,-193.196,-1026.06,1600.47
0.810985,-1.11452,-0.817087,-189.777,-1032.69,1604.38
0.816838,-1.10759,-0.826843,-186.316,-1039.45,1608.28
0.82344,-1.10024,-0.836457,-182.79,-1046.38,1612.15
0.82996,-1.09278,-0.846963,-179.226,-1053.42,1615.98
0.836973,-1.08492,-0.85704,-175.655,-1060.61,1619.75
0.84381,-1.07727,-0.867281,-172.018,-1067.93,1623.5
0.854926,-1.07824,-0.879128,-168.692,-1075.38,1627.17
0.861505,-1.0683,-0.890265,-165.039,-1083,1630.78
0.868091,-1.05754,-0.902472,-161.424,-1090.76,1634.26
0.875432,-1.04697,-0.913908,-157.839,-1098.63,1637.61
0.882637,-1.03626,-0.923902,-154.306,-1106.64,1640.73
0.889686,-1.02655,-0.933887,-150.808,-1114.73,1643.65
0.896676,-1.01803,-0.943509,-147.452,-1122.95,1646.36
0.903643,-1.01053,-0.952805,-144.14,-1131.22,1648.88
0.910465,-0.998676,-0.961939,-141.445,-1139.27,1651.09
0.919697,-0.993206,-0.969349,-138.369,-1147.66,1653.19
0.92884,-0.988573,-0.977738,-135.423,-1156.09,1655.09
0.938849,-0.98453,-0.985323,-132.585,-1164.56,1656.8
0.948672,-0.980928,-0.993603,-129.643,-1173.16,1658.39
0.957242,-0.976172,-1.0016,-126.958,-1181.7,1659.8
0.97002,-0.980073,-1.00908,-124.702,-1190.26,1661.02
0.975471,-0.971245,-1.01591,-121.883,-1199.04,1662.21
0.98669,-0.978499,-1.02432,-119.401,-1207.93,1663.3
0.99278,-0.979848,-1.0304,-116.267,-1217.16,1664.27
1.00031,-0.980801,-1.03723,-113.851,-1226.16,1665.09
1.0093,-0.993668,-1.04635,-111.393,-1235.41,1665.97
1.01519,-0.993534,-1.05083,-108.405,-1244.8,1666.94
1.02215,-0.998837,-1.05901,-105.55,-1254.45,1667.89
1.04019,-0.999873,-1.0626,-102.563,-1263.98,1668.69
1.02895,-0.994502,-1.08351,-100.063,-1274.04,1669.54
1.05047,-0.993576,-1.08318,-96.9067,-1283.61,1670.26
1.05516,-0.990816,-1.09091,-93.8655,-1293.56,1670.98
1.04877,-1.00601,-1.10502,-90.7271,-1304.08,1671.89
1.06817,-0.983854,-1.10062,-87.213,-1313.59,1672.24
1.06575,-0.975054,-1.11021,-84.1667,-1323.3,1672.76
1.07449,-0.9582,-1.11696,-81.3704,-1333.29,1673.1
1.08324,-0.9518,-1.12294,-78.4936,-1343.17,1673.97
1.07406,-0.936948,-1.13085,-75.6058,-1352.63,1674.79
1.0722,-0.922527,-1.13367,-72.6215,-1362.45,1676.11
1.07526,-0.916192,-1.14538,-70.0058,-1372.46,1677.65
1.07874,-0.919438,-1.158,-67.1876,-1382.6,1679.41
1.07745,-0.916869,-1.16908,-64.6972,-1392.27,1681.17
1.07389,-0.926162,-1.17759,-62.0556,-1402.03,1682.77
1.06848,-0.935847,-1.18524,-59.4149,-1411.66,1684.33
1.05869,-0.946926,-1.20197,-57.0911,-1421.21,1685.84
1.05139,-0.946643,-1.20389,-54.2866,-1430.25,1687.26
1.0482,-0.949036,-1.20938,-51.664,-1439.24,1688.64
1.04617,-0.951347,-1.21518,-49.3798,-1447.87,1689.81
1.04097,-0.942383,-1.21786,-46.7839,-1456.15,1691.04
1.03535,-0.935453,-1.22101,-44.5243,-1464.14,1692.11
1.0321,-0.92911,-1.2254,-42.2287,-1472.09,1693.26
1.02621,-0.925505,-1.2319,-39.9082,-1479.9,1694.55
1.02232,-0.931544,-1.24347,-37.5545,-1487.83,1696.07
1.01278,-0.929097,-1.24847,-35.0341,-1495.44,1697.79
1.01576,-0.934264,-1.25363,-32.741,-1503.08,1699.67
0.998165,-0.929229,-1.26707,-30.1274,-1510.72,1701.68
0.997636,-0.932472,-1.27312,-27.8568,-1518.08,1703.73
0.992094,-0.928607,-1.27883,-25.3033,-1525.23,1705.93
0.977229,-0.920942,-1.29647,-22.849,-1532.42,1708.11
0.975387,-0.913268,-1.3012,-20.7951,-1539.13,1710.24
0.975504,-0.901296,-1.30678,-18.4708,-1545.58,1712.42
0.971389,-0.886788,-1.31202,-16.2228,-1551.72,1714.55
0.972249,-0.874999,-1.31565,-14.1502,-1557.65,1716.85
0.968276,-0.866159,-1.32317,-11.8177,-1563.4,1719.01
0.960447,-0.857646,-1.33422,-9.48185,-1569.02,1721.16
0.949645,-0.851593,-1.34446,-7.22823,-1574.38,1723.2
0.939534,-0.847429,-1.35586,-4.95111,-1579.57,1725.23
0.907385,-0.840937,-1.38238,-2.84819,-1584.63,1727.1
0.904532,-0.842019,-1.39034,-0.829349,-1589.3,1729.09
0.885577,-0.841375,-1.40853,1.25056,-1593.9,1730.88
0.880756,-0.847735,-1.41755,3.32892,-1598.03,1732.42
0.864782,-0.848219,-1.43505,5.36207,-1602.15,1733.92
0.859425,-0.849494,-1.44326,7.2738,-1605.97,1735.24
0.844553,-0.846112,-1.45729,9.12337,-1609.78,1736.58
0.832019,-0.844662,-1.46956,10.9115,-1613.51,1737.82
0.821512,-0.843818,-1.48013,12.7798,-1617.16,1739
0.813228,-0.843652,-1.48914,14.5461,-1620.78,1740.06
0.803392,-0.840682,-1.49911,16.1599,-1624.37,1741.12
0.791213,-0.837541,-1.50768,17.6346,-1627.95,1742.12
0.780474,-0.832264,-1.51386,18.9392,-1631.46,1743.04
0.773738,-0.830808,-1.51862,20.2892,-1634.88,1743.8
0.770719,-0.829542,-1.5211,21.4863,-1638.19,1744.5
0.764443,-0.82469,-1.52314,22.3695,-1641.45,1745.12
0.766313,-0.824556,-1.52267,23.2894,-1644.46,1745.55
0.76169,-0.82128,-1.52513,23.8707,-1647.38,1745.92
0.755278,-0.818495,-1.52794,24.2793,-1650.18,1746.16
0.755003,-0.81749,-1.529,24.6414,-1652.8,1746.27
0.754061,-0.816095,-1.52964,24.7882,-1655.34,1746.32
0.755715,-0.816998,-1.53003,24.8268,-1657.75,1746.31
0.757459,-0.816438,-1.5301,24.7401,-1660.15,1746.24
0.75612,-0.815659,-1.52989,24.2987,-1662.44,1746.17
0.760088,-0.815918,-1.52907,23.8513,-1664.59,1746
0.76076,-0.815879,-1.5295,23.0908,-1666.73,1745.81
0.761948,-0.814681,-1.52897,22.1857,-1668.76,1745.53
0.764143,-0.815371,-1.52783,21.167,-1670.71,1745.21
0.771718,-0.81808,-1.52401,20.1001,-1672.56,1744.86
0.770364,-0.816523,-1.5261,18.7922,-1674.44,1744.56
0.778385,-0.818724,-1.52007,17.4065,-1676.12,1744.13
0.78045,-0.819393,-1.51895,15.9047,-1677.81,1743.76
0.784062,-0.820086,-1.51696,14.293,-1679.41,1743.38
0.790736,-0.82284,-1.51335,12.7136,-1680.9,1742.97
0.792806,-0.823732,-1.51215,11.0195,-1682.31,1742.57
0.798824,-0.826294,-1.50979,9.34499,-1683.6,1742.16
0.798275,-0.825974,-1.50962,7.53162,-1684.94,1741.9
0.800504,-0.829496,-1.51191,5.85954,-1686.21,1741.64
0.805169,-0.831027,-1.50963,4.01207,-1687.37,1741.4
0.806783,-0.831142,-1.51144,2.17066,-1688.5,1741.22
0.803874,-0.830129,-1.51634,0.475978,-1689.65,1740.9
0.818778,-0.834391,-1.51019,-1.49367,-1690.48,1740.72
0.815064,-0.833075,-1.51466,-3.49802,-1691.47,1740.57
0.826234,-0.838304,-1.50993,-5.43206,-1692.16,1740.25
0.82545,-0.840073,-1.51222,-7.60343,-1692.91,1740.01
0.828973,-0.84513,-1.51267,-9.73851,-1693.45,1739.67
0.833851,-0.851552,-1.51352,-11.9301,-1693.79,1739.29
0.830077,-0.855449,-1.51813,-14.3402,-1694.09,1738.95
0.837407,-0.862237,-1.51834,-16.6655,-1694.16,1738.51
0.828411,-0.86659,-1.52621,-19.1174,-1694.2,1737.98
0.837716,-0.874322,-1.52509,-21.6426,-1694,1737.57
0.84567,-0.883782,-1.52265,-24.1827,-1693.73,1736.99
0.847773,-0.890309,-1.52497,-26.7658,-1693.41,1736.46
0.853064,-0.897093,-1.52621,-29.3693,-1693,1735.89
0.857864,-0.903655,-1.52782,-31.9293,-1692.51,1735.36
0.860112,-0.909092,-1.53138,-34.5566,-1691.95,1734.83
0.860146,-0.913598,-1.53905,-37.1143,-1691.33,1734.33
0.861043,-0.923096,-1.53974,-39.7825,-1690.59,1733.62
0.856691,-0.927747,-1.54697,-42.3885,-1689.87,1733.03
0.861844,-0.936303,-1.54788,-44.9096,-1688.9,1732.37
0.860965,-0.940802,-1.552,-47.4962,-1688.03,1731.74
0.862113,-0.94471,-1.55486,-50.0818,-1687.03,1731.08
0.863876,-0.952319,-1.55823,-52.5668,-1685.87,1730.34
0.868878,-0.959857,-1.55926,-55.052,-1684.56,1729.54
0.869698,-0.964447,-1.56278,-57.5928,-1683.21,1728.69
0.869384,-0.971733,-1.56661,-60.1928,-1681.81,1727.84
0.871389,-0.977255,-1.56906,-62.8085,-1680.34,1726.96
0.876426,-0.980217,-1.57114,-65.3882,-1678.86,1726.18
0.879748,-0.985251,-1.57465,-68.0445,-1677.38,1725.51
0.885072,-0.988768,-1.57628,-70.7542,-1675.93,1724.85
0.890969,-0.992912,-1.5782,-73.5294,-1674.46,1724.26
0.897962,-0.998334,-1.58051,-76.3257,-1672.96,1723.76
0.901742,-1.00154,-1.58366,-79.1841,-1671.43,1723.36
0.908151,-1.0079,-1.58776,-82.0457,-1669.81,1722.91
0.91797,-1.01524,-1.58833,-84.8241,-1668.06,1722.36
0.923471,-1.02055,-1.5895,-87.6867,-1666.28,1721.74
0.924702,-1.02493,-1.59226,-90.5859,-1664.48,1721.17
0.931692,-1.03072,-1.59218,-93.3326,-1662.56,1720.58
0.930954,-1.03301,-1.59563,-96.2572,-1660.74,1720.11
0.93697,-1.03866,-1.59656,-99.0216,-1658.82,1719.61
0.941837,-1.04333,-1.59883,-101.863,-1656.92,1719.2
0.944804,-1.04946,-1.60338,-104.699,-1654.96,1718.77
0.950075,-1.05552,-1.60673,-107.481,-1652.88,1718.27
0.955176,-1.06492,-1.61024,-110.177,-1650.74,1717.69
0.955982,-1.07355,-1.61613,-113.038,-1648.56,1716.97
0.956931,-1.08602,-1.61842,-115.817,-1646.36,1716.11
0.959059,-1.09597,-1.62267,-118.495,-1644.34,1715.32
0.954761,-1.10818,-1.62284,-121.344,-1642.35,1714.45
0.951551,-1.11644,-1.6279,-124.034,-1640.68,1713.68
0.949131,-1.12644,-1.6291,-126.677,-1638.99,1712.84
0.943834,-1.13859,-1.62734,-129.405,-1637.42,1711.89
0.948163,-1.15141,-1.62168,-132.06,-1635.53,1711.22
0.935732,-1.1564,-1.63291,-134.632,-1634.58,1710.54
0.934694,-1.16803,-1.62978,-137.232,-1633.23,1709.71
0.937515,-1.17978,-1.62368,-139.789,-1631.91,1709.08
0.924331,-1.18421,-1.63384,-142.254,-1631.46,1708.33
0.917903,-1.19185,-1.63666,-144.726,-1630.86,1707.71
0.916719,-1.2,-1.63706,-147.191,-1630.32,1707.34
0.910742,-1.20381,-1.64233,-149.638,-1630.16,1706.91
0.908931,-1.20865,-1.6459,-152.049,-1629.93,1706.65
0.905481,-1.20992,-1.65476,-154.448,-1629.99,1706.59
0.903522,-1.2154,-1.65713,-156.887,-1630.18,1706.28
0.903857,-1.21934,-1.66161,-159.308,-1630.4,1706.25
0.904711,-1.22255,-1.66559,-161.735,-1630.72,1706.2
0.899048,-1.2243,-1.67441,-164.157,-1631.47,1706.04
0.90122,-1.22887,-1.67529,-166.66,-1632.05,1705.97
0.896614,-1.23142,-1.68249,-169.18,-1633.06,1705.84
0.898113,-1.23608,-1.68456,-171.704,-1633.95,1705.87
0.90735,-1.24134,-1.68101,-174.202,-1634.67,1705.94
0.906866,-1.2444,-1.68449,-176.807,-1635.9,1705.98
0.904748,-1.24898,-1.68789,-179.205,-1638.14,1706.1
0.903551,-1.25266,-1.69065,-181.882,-1639.61,1706.14
0.904315,-1.2591,-1.6873,-184.578,-1641.25,1705.97
0.903495,-1.26042,-1.69618,-187.177,-1642.88,1706.1
0.901718,-1.26634,-1.69691,-190.011,-1644.55,1705.78
0.903534,-1.27178,-1.69683,-192.776,-1646.49,1705.7
0.902407,-1.27816,-1.69843,-195.57,-1648.7,1705.36
0.903774,-1.28629,-1.69648,-198.442,-1650.7,1704.91
0.899678,-1.29026,-1.70165,-201.36,-1653,1704.28
0.902988,-1.29815,-1.69878,-204.345,-1655.13,1703.59
0.89748,-1.3,-1.70345,-207.43,-1657.68,1702.63
0.903246,-1.30917,-1.69797,-210.523,-1659.95,1701.54
0.902062,-1.31433,-1.69977,-213.747,-1662.32,1700.34
0.901885,-1.3197,-1.69901,-217.035,-1664.96,1698.87
0.907759,-1.32839,-1.68987,-220.37,-1667.72,1697.6
0.90652,-1.32914,-1.69427,-223.794,-1670.56,1696.2
0.911202,-1.33792,-1.6838,-227.358,-1673.38,1694.85
0.910256,-1.33851,-1.68982,-231.035,-1676.52,1693.59
0.911785,-1.33981,-1.68859,-234.762,-1679.73,1692.5
0.91883,-1.34045,-1.68825,-238.505,-1682.86,1691.27
0.924377,-1.34054,-1.68852,-242.359,-1686.18,1690.27
0.927462,-1.34145,-1.68905,-246.304,-1689.57,1689.34
0.93809,-1.34549,-1.68464,-250.249,-1693.15,1688.39
0.94388,-1.34664,-1.68272,-254.463,-1696.8,1687.8
0.945355,-1.34444,-1.69147,-258.795,-1700.43,1687.35
0.953696,-1.35219,-1.68762,-263.115,-1704.39,1687.09
0.95784,-1.35704,-1.68802,-267.564,-1708.31,1686.8
0.959455,-1.36244,-1.68696,-272.14,-1712.3,1686.53
0.964282,-1.37302,-1.67845,-276.716,-1716.45,1686.18
0.962933,-1.38119,-1.67571,-281.278,-1720.44,1685.78
0.96301,-1.39205,-1.6677,-285.879,-1724.47,1685.45
0.962801,-1.40045,-1.66455,-290.569,-1728.36,1684.93
0.964425,-1.41113,-1.6557,-295.226,-1732.31,1684.44
0.966517,-1.42143,-1.65087,-299.981,-1736.04,1683.75
0.964144,-1.42951,-1.65228,-304.743,-1739.6,1682.89
0.96771,-1.44613,-1.64141,-309.473,-1743.36,1681.87
0.967601,-1.45809,-1.63533,-314.263,-1746.89,1680.68
0.965356,-1.46896,-1.63567,-319.094,-1750.34,1679.21
0.966833,-1.482,-1.62868,-323.871,-1753.87,1677.72
0.967712,-1.493,-1.62544,-328.695,-1757.28,1676.04
0.972261,-1.50346,-1.616,-333.524,-1760.83,1674.39
0.974912,-1.5132,-1.60904,-338.374,-1764.3,1672.7
0.977821,-1.51881,-1.6052,-343.196,-1767.67,1670.88
0.983613,-1.52581,-1.59767,-347.976,-1770.93,1668.91
0.98921,-1.53346,-1.58698,-352.712,-1774.26,1666.98
0.992463,-1.53918,-1.58458,-357.429,-1777.4,1664.99
0.997219,-1.54508,-1.57514,-362.115,-1780.61,1663.12
1.00119,-1.54902,-1.57036,-366.75,-1783.79,1661.14
1.00797,-1.55562,-1.56048,-371.273,-1786.98,1659.42
1.01438,-1.56047,-1.55315,-375.739,-1790.02,1657.67
1.01849,-1.56547,-1.54868,-380.049,-1792.99,1655.93
1.02075,-1.56947,-1.5455,-384.244,-1795.84,1654.26
1.0266,-1.57588,-1.5402,-388.246,-1798.63,1652.7
1.03008,-1.58104,-1.53974,-392.107,-1801.33,1651.16
1.03254,-1.58686,-1.53786,-395.83,-1803.93,1649.75
1.03652,-1.59375,-1.53459,-399.405,-1806.53,1648.47
1.04002,-1.59771,-1.5333,-402.903,-1809,1647.32
1.04054,-1.60147,-1.53496,-406.302,-1811.47,1646.33
1.04587,-1.60546,-1.53104,-409.577,-1813.93,1645.51
1.04965,-1.60869,-1.52799,-412.776,-1816.35,1644.82
1.05352,-1.61055,-1.52499,-415.874,-1818.77,1644.24
1.05457,-1.61009,-1.52641,-418.771,-1821.15,1643.77
1.05736,-1.61024,-1.52503,-421.588,-1823.48,1643.36
1.05892,-1.61155,-1.52507,-424.255,-1825.72,1642.96
1.06055,-1.6117,-1.52469,-426.818,-1828.01,1642.65
1.06238,-1.61223,-1.5244,-429.247,-1830.13,1642.38
1.05922,-1.6086,-1.53579,-431.545,-1832.2,1642.27
1.05935,-1.60958,-1.53825,-433.701,-1834.3,1641.91
1.06797,-1.60012,-1.52657,-435.325,-1836.22,1641.31
1.06888,-1.6024,-1.526,-437.27,-1838.05,1640.93
1.06471,-1.59984,-1.53681,-439.092,-1839.73,1640.71
1.06893,-1.60589,-1.52653,-440.929,-1841.55,1640.13
1.06759,-1.60739,-1.5284,-442.7,-1843.22,1639.7
1.06727,-1.60465,-1.53389,-444.366,-1844.72,1639.46
1.06578,-1.6047,-1.53612,-446.083,-1846.55,1638.99
1.07025,-1.60861,-1.52592,-447.847,-1848.21,1638.39
1.07092,-1.60821,-1.5258,-449.525,-1849.77,1637.86
1.06994,-1.60526,-1.53267,-451.199,-1850.99,1637.48
1.07072,-1.60458,-1.53264,-452.789,-1852.43,1636.82
1.07313,-1.60835,-1.52569,-454.459,-1853.92,1635.95
1.0696,-1.60432,-1.53557,-456.023,-1855.22,1635.38
1.06911,-1.60566,-1.53574,-457.614,-1856.37,1634.65
1.07562,-1.61159,-1.52407,-459.262,-1857.35,1633.83
1.0654,-1.6051,-1.54131,-460.872,-1858.67,1633.16
1.07281,-1.61117,-1.53073,-462.561,-1859.24,1632.28
1.0719,-1.60929,-1.53495,-464.082,-1860.02,1631.65
1.07472,-1.61403,-1.52703,-465.758,-1860.96,1630.7
1.07013,-1.6091,-1.53667,-467.324,-1861.86,1630.09
1.07065,-1.61176,-1.53503,-468.974,-1862.6,1629.4
1.07561,-1.61482,-1.52717,-470.561,-1863.2,1628.64
1.07379,-1.61206,-1.53635,-471.999,-1863.86,1628.1
1.07422,-1.61071,-1.53945,-473.46,-1864.5,1627.37
1.07504,-1.61278,-1.53585,-474.834,-1865.16,1626.68
1.07703,-1.61776,-1.53174,-476.282,-1865.23,1626.19
1.07625,-1.61641,-1.53556,-477.571,-1865.75,1625.46
1.08054,-1.62112,-1.52759,-478.783,-1865.84,1625
1.07958,-1.61795,-1.53496,-479.881,-1866.49,1624.29
1.07026,-1.6112,-1.55158,-481.233,-1866.64,1623.66
1.07537,-1.61222,-1.54777,-482.192,-1866.73,1623.21
1.0817,-1.6118,-1.54268,-482.997,-1867.53,1622.64
1.07953,-1.60928,-1.5497,-484.13,-1867.26,1622.26
1.0838,-1.60771,-1.54645,-484.896,-1868.06,1621.81
1.08957,-1.60754,-1.54126,-485.79,-1867.93,1621.46
1.08805,-1.60607,-1.54717,-486.865,-1867.47,1621.16
1.09259,-1.60256,-1.54579,-487.478,-1868.33,1620.72
1.09633,-1.60138,-1.5434,-488.349,-1868.12,1620.51
1.09,-1.59441,-1.55559,-489.393,-1867.84,1620.39
1.08721,-1.58569,-1.56537,-490.192,-1868.22,1620.07
1.09795,-1.58811,-1.55316,-490.898,-1868.35,1620.01
1.10314,-1.58596,-1.54831,-491.843,-1868.02,1619.82
1.09567,-1.57499,-1.56558,-492.809,-1867.64,1619.8
1.09883,-1.57388,-1.56124,-493.787,-1867.13,1619.69
1.09704,-1.56681,-1.56598,-494.763,-1866.9,1619.55
1.09911,-1.5628,-1.56311,-495.586,-1867.41,1619.28
1.09222,-1.5541,-1.57488,-496.76,-1866.77,1619.03
1.09358,-1.55208,-1.57062,-497.902,-1866.09,1618.83
1.09298,-1.55021,-1.5695,-498.785,-1866.51,1618.35
1.09243,-1.55267,-1.56188,-500.009,-1865.74,1617.8
1.08625,-1.54864,-1.56921,-501.144,-1865.36,1617.18
1.08554,-1.55245,-1.56285,-502.411,-1864.47,1616.64
1.07652,-1.54794,-1.5723,-503.609,-1864.13,1615.81
1.07893,-1.55363,-1.56212,-504.9,-1863.04,1615.17
1.07522,-1.55021,-1.56821,-506.175,-1862.57,1614.3
1.07543,-1.55214,-1.56645,-507.503,-1861.89,1613.33
1.07015,-1.54757,-1.57455,-508.826,-1861.42,1612.44
1.07267,-1.55076,-1.5688,-510.245,-1860.22,1611.56
1.07265,-1.55058,-1.56673,-511.662,-1859.57,1610.34
1.06923,-1.54409,-1.5747,-513.089,-1858.89,1609.38
1.06762,-1.54376,-1.57514,-514.616,-1858.02,1608.26
1.07397,-1.54552,-1.56748,-516.217,-1857.05,1607.08
1.07567,-1.54433,-1.56712,-517.722,-1855.91,1606.17
1.07576,-1.54112,-1.56959,-519.38,-1855.04,1604.9
1.07911,-1.54185,-1.56783,-521.015,-1854.06,1603.67
1.07794,-1.53941,-1.5677,-522.687,-1853.17,1602.39
1.07336,-1.53206,-1.58062,-524.279,-1852.68,1600.84
1.08039,-1.53917,-1.56635,-526.049,-1851.21,1599.71
1.08294,-1.53976,-1.56763,-527.675,-1850.08,1598.31
1.08681,-1.53948,-1.56853,-529.36,-1848.65,1597.09
1.08154,-1.53416,-1.5789,-531.025,-1848.06,1595.49
1.07329,-1.52845,-1.59302,-532.921,-1846.6,1594.04
1.08467,-1.53709,-1.57657,-534.505,-1845.51,1592.57
1.08323,-1.5347,-1.57918,-536.26,-1844.17,1591.05
1.08753,-1.5386,-1.57183,-538.027,-1842.87,1589.53
1.08805,-1.53724,-1.57367,-539.811,-1841.57,1587.9
1.09211,-1.542,-1.56603,-541.651,-1840.35,1586.28
1.09167,-1.54003,-1.56967,-543.479,-1839.38,1584.71
1.09265,-1.5419,-1.56946,-545.305,-1838.39,1583.29
1.09863,-1.54253,-1.56673,-547.225,-1837.04,1581.72
1.101,-1.54316,-1.56944,-549.117,-1836.06,1580.27
1.09497,-1.53387,-1.57723,-551.174,-1834.69,1578.78
1.11326,-1.54445,-1.54961,-552.934,-1833.48,1577.42
1.108,-1.53144,-1.56286,-554.848,-1833.03,1575.72
1.11209,-1.52991,-1.55926,-556.847,-1831.96,1574.33
1.11201,-1.52537,-1.55554,-558.832,-1830.76,1572.84
1.12296,-1.53101,-1.53568,-560.932,-1829.17,1571.42
1.11704,-1.52248,-1.54472,-562.996,-1828.89,1569.75
1.11332,-1.52028,-1.54512,-564.894,-1827.48,1568.12
1.11338,-1.52218,-1.53823,-566.888,-1826.06,1566.55
1.11102,-1.52007,-1.5413,-568.796,-1824.84,1564.9
1.11156,-1.52285,-1.53442,-570.744,-1823.81,1563.17
1.10996,-1.52418,-1.53502,-572.74,-1822.38,1561.51
1.11112,-1.52892,-1.52757,-574.667,-1821.07,1559.92
1.10806,-1.52724,-1.53167,-576.608,-1819.76,1558.23
1.10879,-1.53131,-1.52578,-578.535,-1818.66,1556.47
1.10776,-1.53172,-1.52408,-580.45,-1817.21,1554.8
1.10741,-1.53447,-1.52001,-582.255,-1815.88,1553.29
1.10673,-1.53273,-1.52363,-584.149,-1814.5,1551.53
1.10751,-1.53499,-1.51882,-585.961,-1813.19,1549.96
1.10742,-1.53446,-1.51749,-587.868,-1811.92,1548.2
1.10903,-1.53684,-1.51295,-589.636,-1810.59,1546.66
1.10791,-1.53388,-1.51613,-591.495,-1809.26,1545.09
1.1098,-1.53731,-1.51047,-593.268,-1807.88,1543.57
1.10991,-1.53796,-1.50771,-595.06,-1806.53,1542.03
1.10875,-1.53738,-1.51016,-596.714,-1805.54,1540.47
1.10788,-1.53616,-1.51133,-598.501,-1804.49,1538.82
1.11419,-1.54388,-1.49929,-600.217,-1802.75,1537.57
1.10851,-1.53731,-1.50927,-601.971,-1802.17,1535.92
1.10861,-1.53854,-1.50638,-603.579,-1801.05,1534.48
1.10741,-1.53731,-1.50702,-605.324,-1799.85,1533.04
1.10735,-1.53919,-1.50548,-606.892,-1798.62,1531.58
1.10583,-1.53943,-1.50507,-608.509,-1797.46,1530.19
1.1067,-1.53996,-1.50451,-610.011,-1796.2,1528.7
1.10245,-1.53914,-1.5066,-611.589,-1795.11,1527.41
1.10516,-1.53785,-1.50532,-612.981,-1793.81,1525.83
1.10337,-1.53798,-1.50556,-614.469,-1792.59,1524.4
1.10337,-1.53828,-1.50588,-615.853,-1791.31,1522.85
1.10224,-1.541,-1.50348,-617.236,-1790.04,1521.38
1.09899,-1.53965,-1.50511,-618.635,-1788.74,1519.82
1.09974,-1.54263,-1.50283,-619.941,-1787.47,1518.31
1.0965,-1.54337,-1.50217,-621.328,-1786.43,1516.81
1.09609,-1.54406,-1.5019,-622.715,-1785.13,1515.38
1.09473,-1.54507,-1.5013,-624.039,-1783.99,1513.93
1.09322,-1.5445,-1.50229,-625.364,-1782.9,1512.52
1.09175,-1.54373,-1.50136,-626.671,-1781.86,1511.18
1.09153,-1.54446,-1.501,-627.837,-1780.71,1509.71
1.08923,-1.54219,-1.50344,-629.08,-1779.69,1508.33
1.08776,-1.5416,-1.50444,-630.178,-1778.6,1506.84
1.09017,-1.54296,-1.5018,-631.204,-1777.56,1505.45
1.08773,-1.54345,-1.50104,-632.313,-1776.5,1504.09
1.09389,-1.5451,-1.49731,-633.288,-1774.96,1502.83
1.08546,-1.54154,-1.50559,-634.153,-1774.66,1501.38
1.08658,-1.53986,-1.50755,-635.006,-1773.59,1499.97
1.08969,-1.54294,-1.50305,-635.875,-1772.31,1498.95
1.08799,-1.54111,-1.50636,-636.584,-1771.59,1497.77
1.08768,-1.53999,-1.50951,-637.27,-1770.93,1496.63
1.0861,-1.54076,-1.50999,-638.11,-1769.95,1495.76
1.08467,-1.53954,-1.50951,-638.854,-1769.24,1494.84
1.08645,-1.54428,-1.50143,-639.653,-1768.18,1494.19
1.08616,-1.5399,-1.50665,-640.195,-1767.67,1493.26
1.08614,-1.54121,-1.50477,-640.828,-1766.8,1492.66
1.08691,-1.54197,-1.50257,-641.404,-1765.91,1492.06
1.08217,-1.53988,-1.50796,-641.891,-1765.46,1491.27
1.07726,-1.53562,-1.51567,-642.262,-1765.27,1490.5
1.07859,-1.53887,-1.51171,-642.678,-1764.36,1490.03
1.07738,-1.54318,-1.50867,-643.062,-1763.67,1489.65
1.0792,-1.54555,-1.50624,-643.304,-1762.82,1489.17
1.07387,-1.54019,-1.51721,-643.495,-1762.66,1488.49
1.07476,-1.54089,-1.51643,-643.66,-1762.14,1488.17
1.07592,-1.5399,-1.51645,-643.766,-1761.79,1487.86
1.07879,-1.54069,-1.51331,-643.886,-1761.29,1487.67
1.07683,-1.54162,-1.51217,-644.003,-1761.16,1487.63
1.07768,-1.53579,-1.51797,-643.927,-1760.99,1487.36
1.07892,-1.53558,-1.51665,-643.889,-1760.61,1487.42
1.08004,-1.53362,-1.51727,-643.751,-1760.46,1487.47
1.08088,-1.53162,-1.51818,-643.596,-1760.33,1487.6
1.08088,-1.52926,-1.51903,-643.381,-1760.27,1487.8
1.08049,-1.52646,-1.5221,-643.064,-1760.32,1488.05
1.0814,-1.52676,-1.52089,-642.785,-1759.85,1488.47
1.08042,-1.52502,-1.52339,-642.363,-1759.85,1488.8
1.07887,-1.52504,-1.52391,-641.875,-1760.01,1489.19
1.08252,-1.52562,-1.51937,-641.374,-1759.72,1489.81
1.08058,-1.52338,-1.52152,-640.768,-1760.03,1490.31
1.08502,-1.52359,-1.51702,-640.23,-1760.12,1491.08
1.08279,-1.52234,-1.51681,-639.592,-1759.86,1491.93
1.07865,-1.51752,-1.51953,-638.825,-1760.46,1492.72
1.07981,-1.51634,-1.5179,-638.072,-1760.58,1493.68
1.07725,-1.51409,-1.51963,-637.209,-1760.89,1494.65
1.07842,-1.5147,-1.51449,-636.287,-1761.21,1495.66
1.08127,-1.51507,-1.5098,-635.303,-1760.93,1497.04
1.08111,-1.51173,-1.51307,-634.197,-1761.71,1498.11
1.07879,-1.50853,-1.51507,-632.908,-1762,1499.46
1.07847,-1.50598,-1.51739,-631.57,-1762.58,1500.93
1.0794,-1.50308,-1.52053,-630.164,-1763.03,1502.26
1.08002,-1.50176,-1.52022,-628.657,-1763.73,1503.85
1.07991,-1.50094,-1.52022,-627.064,-1764.31,1505.36
1.08654,-1.50668,-1.51182,-625.398,-1764.47,1507.21
1.08525,-1.50541,-1.51557,-623.648,-1765.06,1508.89
1.09061,-1.51101,-1.50811,-621.745,-1765.49,1510.82
1.08999,-1.50745,-1.51239,-619.7,-1766.27,1512.54
1.08922,-1.50568,-1.51445,-617.49,-1767.38,1514.42
1.09529,-1.50981,-1.50628,-615.228,-1767.71,1516.41
1.09858,-1.52847,-1.49769,-613.177,-1768.24,1518.51
1.10225,-1.53008,-1.49288,-610.582,-1768.8,1520.57
1.10128,-1.53075,-1.49163,-607.82,-1769.94,1522.61
1.09932,-1.52847,-1.49613,-604.922,-1771.01,1524.99
1.09881,-1.5293,-1.49592,-601.924,-1772.41,1527.44
1.1061,-1.53192,-1.49105,-598.901,-1772.88,1530.19
1.10777,-1.53324,-1.49179,-595.589,-1774.04,1532.92
1.11372,-1.53916,-1.48511,-592.209,-1774.74,1535.84
1.11396,-1.54168,-1.48634,-588.544,-1776.01,1538.61
1.11504,-1.54454,-1.48448,-584.668,-1777.17,1541.37
1.12038,-1.54822,-1.47908,-580.632,-1777.91,1544.33
1.11764,-1.54559,-1.48355,-576.31,-1779.1,1547.26
1.11686,-1.54054,-1.48871,-571.781,-1780.51,1550.34
1.11854,-1.53662,-1.49255,-566.993,-1781.5,1553.72
1.12181,-1.53054,-1.49625,-562.039,-1782.56,1557.15
1.12821,-1.53012,-1.49099,-556.824,-1783.55,1560.61
1.12778,-1.5244,-1.49536,-551.391,-1784.57,1564.15
1.12936,-1.52224,-1.49123,-545.723,-1785.52,1567.59
1.13227,-1.52225,-1.4835,-539.789,-1786.38,1571
1.12884,-1.51857,-1.48032,-533.661,-1787.13,1574.41
1.13275,-1.5162,-1.46936,-527.309,-1788,1577.79
1.13026,-1.50867,-1.46717,-520.677,-1788.09,1581.42
1.1277,-1.50044,-1.46777,-513.786,-1788.95,1585.12
1.12731,-1.49194,-1.46729,-506.659,-1789.55,1588.99
1.1271,-1.48433,-1.46889,-499.264,-1790.07,1592.93
1.12745,-1.47771,-1.47109,-491.563,-1790.57,1596.91
1.1224,-1.46756,-1.48104,-483.67,-1790.97,1600.81
1.12066,-1.46164,-1.48303,-475.613,-1791.12,1604.57
1.11851,-1.45408,-1.48516,-467.283,-1791.19,1608.26
1.11952,-1.44617,-1.48172,-458.775,-1791.12,1611.84
1.11529,-1.43515,-1.48255,-450.167,-1790.9,1615.27
1.11013,-1.42466,-1.48176,-441.431,-1790.45,1618.51
1.10353,-1.41117,-1.48687,-432.496,-1789.97,1621.7
1.10648,-1.40733,-1.46874,-423.594,-1789.17,1624.37
1.1001,-1.3934,-1.47144,-414.582,-1788.41,1627.37
1.09806,-1.38031,-1.4647,-405.588,-1787.57,1630.11
1.09458,-1.36721,-1.46019,-396.599,-1786.65,1632.77
1.10603,-1.36779,-1.43056,-387.686,-1785.03,1635.08
1.10446,-1.35692,-1.42441,-378.658,-1783.99,1637.59
1.10327,-1.34594,-1.42007,-369.612,-1782.85,1640.01
1.10138,-1.33411,-1.41669,-360.626,-1781.68,1642.41
1.0889,-1.31946,-1.42901,-351.495,-1780.84,1644.9
1.09627,-1.31509,-1.41554,-342.583,-1779.12,1646.93
1.09624,-1.30732,-1.40999,-333.669,-1777.55,1649.02
1.08969,-1.29206,-1.4188,-324.899,-1775.63,1650.89
1.08947,-1.27984,-1.41414,-316.077,-1774.09,1652.84
1.09372,-1.26722,-1.40671,-307.399,-1772.45,1654.69
1.09501,-1.25831,-1.40019,-298.726,-1770.78,1656.5
1.09615,-1.24822,-1.39354,-290.268,-1769.13,1658.26
1.09842,-1.23956,-1.39024,-281.803,-1767.62,1660.12
1.10343,-1.23171,-1.38419,-273.413,-1766.02,1662.06
1.1084,-1.22112,-1.38457,-265.032,-1764.65,1664.08
1.11084,-1.21201,-1.38308,-256.85,-1763.27,1666.02
1.11012,-1.20041,-1.38557,-248.724,-1761.95,1667.9
1.1112,-1.19044,-1.38403,-240.555,-1760.62,1669.63
1.10605,-1.17956,-1.39538,-232.503,-1759.74,1671.27
1.10691,-1.17174,-1.39278,-224.5,-1758.44,1672.73
1.11124,-1.167,-1.39193,-216.589,-1757.19,1674.02
1.10498,-1.15843,-1.39518,-208.956,-1756.09,1675.47
1.10404,-1.15135,-1.39501,-201.259,-1754.96,1676.8
1.11229,-1.14869,-1.38531,-193.732,-1753.57,1678.06
1.1032,-1.13577,-1.39435,-186.406,-1752.97,1679.58
1.10056,-1.12809,-1.39659,-179.198,-1752.12,1681.08
1.10275,-1.12144,-1.39023,-172.101,-1751.19,1682.61
1.09834,-1.11016,-1.40121,-165.076,-1750.87,1684.42
1.10225,-1.10319,-1.39433,-158.302,-1750.2,1686.07
1.09862,-1.0944,-1.39344,-151.726,-1749.61,1687.78
1.08867,-1.08469,-1.39711,-145.051,-1749.24,1689.36
1.09458,-1.07549,-1.39057,-138.721,-1748.7,1691.08
1.08734,-1.0611,-1.39822,-132.306,-1748.62,1692.79
1.08768,-1.05282,-1.38869,-126.265,-1747.94,1694.22
1.09016,-1.04492,-1.38518,-120.109,-1747.52,1695.7
1.08311,-1.03379,-1.38757,-114.207,-1747.25,1697.13
1.07206,-1.02456,-1.38846,-108.371,-1746.77,1698.32
1.08062,-1.02076,-1.37935,-102.721,-1746.25,1699.6
1.0718,-1.01361,-1.37932,-97.2926,-1745.89,1700.69
1.07002,-1.00983,-1.38007,-91.7032,-1745.64,1701.8
1.05537,-1.00332,-1.38302,-86.4622,-1745.31,1702.63
1.0587,-1.00074,-1.37681,-81.3941,-1744.96,1703.55
1.05434,-0.998401,-1.37902,-76.3444,-1744.68,1704.34
1.05046,-0.994042,-1.37765,-71.4663,-1744.54,1705.06
1.04869,-0.990064,-1.37694,-66.7013,-1744.35,1705.68
1.04711,-0.985271,-1.37731,-62.0468,-1744.28,1706.29
1.04146,-0.977534,-1.37722,-57.7025,-1744.25,1706.77
1.04066,-0.973093,-1.37669,-53.3281,-1744.3,1707.23
1.03862,-0.967474,-1.37926,-49.0513,-1744.43,1707.77
1.03333,-0.95949,-1.38035,-45.1106,-1744.67,1708.3
1.0241,-0.957092,-1.38479,-41.0691,-1744.93,1708.65
1.03563,-0.956752,-1.37606,-37.2965,-1745.19,1709.17
1.02916,-0.951949,-1.3765,-33.639,-1745.66,1709.66
1.02807,-0.949068,-1.37506,-30.0724,-1746.14,1710.04
1.02749,-0.946854,-1.37589,-26.6768,-1746.69,1710.4
1.02712,-0.944673,-1.3775,-23.2025,-1747.32,1710.79
1.02356,-0.940375,-1.37356,-20.0123,-1747.85,1711.18
1.01348,-0.938682,-1.38017,-16.7867,-1748.58,1711.41
1.01282,-0.936868,-1.37919,-13.7298,-1749.27,1711.73
1.01459,-0.936561,-1.37638,-10.6578,-1749.95,1712
1.01297,-0.935464,-1.37534,-7.73104,-1750.7,1712.25
1.01906,-0.934271,-1.36949,-5.0161,-1751.47,1712.59
1.01875,-0.933961,-1.36782,-2.20279,-1752.35,1712.81
1.00726,-0.931025,-1.37298,0.665513,-1753.38,1712.91
1.00884,-0.930302,-1.37068,3.37557,-1754.4,1713.15
0.997512,-0.92264,-1.37985,6.11254,-1755.79,1713.56
1.00061,-0.922698,-1.37599,8.53745,-1756.79,1713.82
1.00137,-0.920806,-1.37659,11.0363,-1758.04,1714.26
1.0064,-0.918401,-1.37221,13.291,-1759.22,1714.73
1.0066,-0.915083,-1.37383,15.6305,-1760.5,1715.26
1.00862,-0.918831,-1.37169,18.0074,-1761.8,1715.67
1.01639,-0.913647,-1.36762,19.9585,-1763.1,1716.45
1.0168,-0.913385,-1.36841,22.1275,-1764.39,1717.01
1.01975,-0.914829,-1.3657,24.235,-1765.69,1717.45
1.00591,-0.914504,-1.3709,26.3702,-1767.04,1717.81
0.999789,-0.911242,-1.37073,28.3026,-1768.35,1718.29
1.00003,-0.912313,-1.3678,30.2363,-1769.59,1718.73
1.00013,-0.913626,-1.36734,32.0154,-1770.86,1719.15
0.999712,-0.912489,-1.36456,33.7932,-1772.05,1719.59
0.996937,-0.911312,-1.3643,35.4895,-1773.34,1720.04
1.00611,-0.911744,-1.35615,36.9912,-1774.53,1720.58
1.00933,-0.912369,-1.35223,38.6448,-1775.77,1721
1.00203,-0.909863,-1.35461,40.0709,-1777.13,1721.42
1.00287,-0.910422,-1.35177,41.5454,-1778.43,1721.78
0.99966,-0.908582,-1.35334,42.9627,-1779.8,1722.11
0.98776,-0.90912,-1.35784,44.2845,-1781.14,1722.27
0.984543,-0.908492,-1.35855,45.5523,-1782.46,1722.51
0.986065,-0.909556,-1.35656,46.7165,-1783.74,1722.73
0.984987,-0.909785,-1.35714,47.8559,-1785.09,1722.92
0.995724,-0.9096,-1.34984,48.7437,-1786.35,1723.2
0.998461,-0.908568,-1.34937,49.794,-1787.66,1723.35
0.993593,-0.903662,-1.35415,50.6089,-1789.08,1723.57
0.992409,-0.901789,-1.35805,51.4764,-1790.49,1723.75
0.979485,-0.898935,-1.37112,52.3791,-1792.02,1723.93
0.976578,-0.897525,-1.37695,53.0382,-1793.49,1724.18
0.989554,-0.901572,-1.37754,53.8046,-1794.97,1724.58
0.984021,-0.900869,-1.38821,54.4539,-1796.6,1724.93
0.985196,-0.900761,-1.39067,54.9776,-1798.07,1725.18
0.980178,-0.896221,-1.39905,55.5416,-1799.71,1725.49
0.971919,-0.891144,-1.40377,56.0833,-1801.25,1725.6
0.974355,-0.88496,-1.40143,56.5552,-1802.74,1725.79
0.978959,-0.876725,-1.39926,57.0818,-1804.29,1726.03
0.982911,-0.868367,-1.38996,57.4488,-1805.56,1726.05
0.989458,-0.861826,-1.38154,57.8539,-1806.87,1726.1
0.986157,-0.851135,-1.37932,58.2271,-1808.28,1726.16
0.989129,-0.844012,-1.37166,58.4898,-1809.51,1726.24
0.996332,-0.840209,-1.3609,58.634,-1810.61,1726.28
0.998827,-0.84552,-1.35508,59.0084,-1811.76,1726.21
0.998021,-0.843312,-1.35172,59.033,-1812.71,1726.25
0.987799,-0.847249,-1.35849,59.3225,-1813.73,1726.21
0.993536,-0.857169,-1.35354,59.4479,-1814.54,1726.15
0.99125,-0.865522,-1.35413,59.5721,-1815.28,1726.02
0.987669,-0.871871,-1.35619,59.6409,-1816.01,1725.89
0.984747,-0.877267,-1.35788,59.68,-1816.67,1725.71
0.98367,-0.880631,-1.35919,59.7219,-1817.32,1725.54
0.985488,-0.882211,-1.35962,59.7796,-1817.98,1725.38
1.00157,-0.884145,-1.34828,59.7699,-1818.46,1725.26
0.989114,-0.881332,-1.35506,59.8304,-1819.17,1724.94
0.990418,-0.880915,-1.35517,59.7497,-1819.86,1724.7
1.00129,-0.879948,-1.34578,59.533,-1820.41,1724.57
1.00225,-0.880588,-1.34405,59.4948,-1821.04,1724.37
0.990648,-0.879146,-1.34909,59.6112,-1821.76,1724.1
1.00356,-0.883187,-1.34223,59.3768,-1822.35,1724
1.00384,-0.885293,-1.34146,59.2927,-1823,1723.84
0.991407,-0.885838,-1.34903,59.3181,-1823.73,1723.63
0.985836,-0.887432,-1.35516,59.3635,-1824.44,1723.58
0.992357,-0.890951,-1.34944,59.2363,-1824.89,1723.48
0.990756,-0.892704,-1.35175,59.1299,-1825.46,1723.43
0.989597,-0.892339,-1.35125,58.9409,-1825.91,1723.28
0.990148,-0.893322,-1.35135,58.8589,-1826.31,1723.14
0.986881,-0.895523,-1.35817,58.9436,-1826.78,1723.02
0.985254,-0.896347,-1.35763,58.7852,-1827.1,1722.82
0.98558,-0.89732,-1.35762,58.6769,-1827.44,1722.68
0.982918,-0.899296,-1.35859,58.5457,-1827.82,1722.59
0.986802,-0.902194,-1.35406,58.3612,-1828.1,1722.51
0.984596,-0.904572,-1.35586,58.2837,-1828.46,1722.52
0.984172,-0.906664,-1.35701,58.2241,-1828.77,1722.52
0.983483,-0.908656,-1.35832,58.1424,-1829.03,1722.51
0.983536,-0.910293,-1.36037,58.1036,-1829.22,1722.53
0.982332,-0.911726,-1.36174,58.0171,-1829.37,1722.5
0.983833,-0.914322,-1.36207,57.9717,-1829.45,1722.44
0.980851,-0.915421,-1.36445,57.8737,-1829.54,1722.4
0.978835,-0.914373,-1.36607,57.6989,-1829.63,1722.42
0.977823,-0.917724,-1.36859,57.7113,-1829.64,1722.4
0.977153,-0.91871,-1.37,57.6416,-1829.67,1722.42
0.976295,-0.919432,-1.37197,57.5692,-1829.66,1722.43
0.985351,-0.921878,-1.36705,57.3882,-1829.58,1722.53
0.983768,-0.922985,-1.36866,57.3025,-1829.53,1722.55
0.982087,-0.924248,-1.37023,57.2381,-1829.47,1722.56
0.969646,-0.923906,-1.37876,57.2589,-1829.46,1722.49
0.968425,-0.923416,-1.37985,57.1327,-1829.37,1722.52
0.967111,-0.926717,-1.38196,57.1184,-1829.25,1722.51
0.964493,-0.925547,-1.3842,56.9476,-1829.12,1722.55
0.96337,-0.927723,-1.38495,56.8643,-1828.97,1722.52
0.962716,-0.928495,-1.38693,56.7978,-1828.83,1722.56
0.961378,-0.929572,-1.38877,56.7167,-1828.67,1722.62
0.960161,-0.929776,-1.39055,56.646,-1828.5,1722.67
0.959995,-0.930398,-1.39113,56.5444,-1828.3,1722.72
0.969994,-0.934027,-1.3853,56.3861,-1828,1722.79
0.968668,-0.932567,-1.3857,56.2359,-1827.78,1722.81
0.957703,-0.932068,-1.39249,56.2403,-1827.54,1722.7
0.966764,-0.933332,-1.38631,56.0091,-1827.22,1722.78
0.965914,-0.934295,-1.3869,55.9153,-1826.98,1722.79
0.964323,-0.934867,-1.38749,55.7977,-1826.73,1722.83
0.963457,-0.935609,-1.38806,55.7058,-1826.49,1722.89
0.953869,-0.937104,-1.39479,55.7752,-1826.23,1722.82
0.953041,-0.937753,-1.39509,55.6854,-1825.91,1722.85
0.951024,-0.93666,-1.39674,55.5317,-1825.58,1722.9
0.950913,-0.938252,-1.39775,55.45,-1825.23,1722.88
0.958338,-0.940506,-1.39175,55.2126,-1824.78,1722.89
0.957634,-0.942052,-1.39278,55.0991,-1824.36,1722.88
0.956125,-0.943672,-1.39437,54.967,-1823.97,1722.87
0.956298,-0.94584,-1.39519,54.8875,-1823.55,1722.87
0.953577,-0.946261,-1.39759,54.7292,-1823.14,1722.89
0.952216,-0.948163,-1.39938,54.6407,-1822.72,1722.91
0.95208,-0.949008,-1.40022,54.5456,-1822.33,1722.91
0.950242,-0.948825,-1.40163,54.4281,-1821.93,1722.96
0.949696,-0.948427,-1.40251,54.3333,-1821.51,1723
0.949676,-0.946968,-1.40463,54.2167,-1821.14,1723.12
0.948926,-0.945423,-1.40567,54.1007,-1820.75,1723.2
0.946609,-0.945932,-1.40821,54.0665,-1820.41,1723.24
0.938926,-0.9446,-1.41192,53.9884,-1820.01,1723.2
0.945577,-0.946741,-1.41075,53.8917,-1819.58,1723.36
0.947325,-0.945828,-1.40791,53.6598,-1819.08,1723.38
0.937281,-0.946358,-1.41569,53.6896,-1818.66,1723.33
0.945435,-0.948765,-1.41001,53.4709,-1818.09,1723.39
0.942969,-0.948373,-1.41132,53.2784,-1817.64,1723.45
0.94366,-0.950982,-1.41198,53.1813,-1817.12,1723.45
0.931731,-0.949265,-1.41961,53.0732,-1816.66,1723.36
0.938959,-0.952646,-1.4173,52.9111,-1816.14,1723.42
0.940068,-0.953888,-1.41493,52.693,-1815.59,1723.35
0.939638,-0.953992,-1.41552,52.4791,-1815.09,1723.33
0.939607,-0.954155,-1.41548,52.293,-1814.6,1723.32
0.939558,-0.954192,-1.41594,52.1131,-1814.14,1723.3
0.943624,-0.955535,-1.41446,51.9939,-1813.62,1723.25
0.938705,-0.95279,-1.41844,51.7135,-1813.15,1723.3
0.94325,-0.956032,-1.41573,51.5688,-1812.68,1723.22
0.941884,-0.955669,-1.41681,51.3466,-1812.21,1723.22
0.942518,-0.956114,-1.41669,51.1219,-1811.77,1723.23
0.943094,-0.95678,-1.41719,50.9078,-1811.35,1723.26
0.939791,-0.956262,-1.41916,50.6427,-1810.96,1723.27
0.941255,-0.957192,-1.41847,50.3931,-1810.52,1723.25
0.941154,-0.957297,-1.41863,50.1327,-1810.09,1723.26
0.930551,-0.955638,-1.42453,49.925,-1809.76,1723.23
0.937185,-0.956513,-1.42179,49.5958,-1809.35,1723.35
0.934907,-0.956302,-1.42077,49.1937,-1808.89,1723.31
0.934333,-0.956592,-1.42087,48.9016,-1808.49,1723.29
0.933424,-0.957112,-1.42172,48.5882,-1808.12,1723.27
0.937118,-0.958784,-1.42066,48.3512,-1807.68,1723.25
0.939398,-0.959912,-1.41986,48.0803,-1807.28,1723.21
0.938817,-0.960816,-1.42046,47.7562,-1806.92,1723.18
0.936766,-0.959965,-1.42155,47.3483,-1806.56,1723.13
0.93975,-0.961563,-1.42011,47.037,-1806.2,1723.08
0.935921,-0.958819,-1.42162,46.5745,-1805.91,1723.11
0.933097,-0.958015,-1.4252,46.1783,-1805.61,1723.13
0.933626,-0.9576,-1.4241,45.7489,-1805.32,1723.05
0.935342,-0.957671,-1.42373,45.3721,-1804.99,1723.03
0.934875,-0.957824,-1.42443,44.978,-1804.69,1723
0.935679,-0.957933,-1.42451,44.5849,-1804.42,1722.95
0.932217,-0.959003,-1.42729,44.1699,-1804.15,1722.95
0.931839,-0.95578,-1.42832,43.6443,-1803.91,1723.02
0.934663,-0.959899,-1.42737,43.2996,-1803.65,1722.93
0.935427,-0.958453,-1.42633,42.753,-1803.42,1722.92
0.940748,-0.95971,-1.42372,42.3502,-1803.12,1722.85
0.940987,-0.961473,-1.42396,41.8958,-1802.83,1722.77
0.936468,-0.95881,-1.42731,41.3032,-1802.59,1722.79
0.937382,-0.960547,-1.4251,40.8132,-1802.34,1722.73
0.934034,-0.95931,-1.42568,40.2007,-1802.07,1722.71
0.934536,-0.959958,-1.42419,39.6326,-1801.79,1722.62
0.941686,-0.962661,-1.41989,39.1653,-1801.47,1722.49
0.940966,-0.962169,-1.4214,38.5492,-1801.24,1722.47
0.939586,-0.963682,-1.42171,37.9942,-1800.98,1722.38
0.937093,-0.962758,-1.42092,37.2248,-1800.69,1722.34
0.939819,-0.962832,-1.41853,36.6333,-1800.44,1722.27
0.94045,-0.962496,-1.41773,35.9734,-1800.19,1722.19
0.936781,-0.961208,-1.42079,35.2368,-1800.05,1722.17
0.930269,-0.961123,-1.42343,34.5642,-1799.81,1721.95
0.93902,-0.962391,-1.41802,33.7377,-1799.52,1721.95
0.943269,-0.962567,-1.41684,32.9808,-1799.28,1721.89
0.93986,-0.963073,-1.41676,32.0674,-1799.08,1721.77
0.940659,-0.962928,-1.41654,31.2416,-1798.85,1721.74
0.940856,-0.962896,-1.41581,30.3755,-1798.57,1721.62
0.941837,-0.962002,-1.41448,29.3622,-1798.37,1721.56
0.945956,-0.962759,-1.41176,28.4481,-1798.11,1721.46
0.944547,-0.96183,-1.41293,27.4911,-1797.94,1721.4
0.943488,-0.962279,-1.41068,26.2611,-1797.77,1721.35
0.947236,-0.964837,-1.40806,25.172,-1797.58,1721.27
0.947197,-0.965658,-1.40762,23.9229,-1797.4,1721.17
0.948015,-0.96821,-1.40737,22.5975,-1797.26,1721.08
0.943294,-0.967119,-1.41182,21.1669,-1797.14,1721
0.944238,-0.96927,-1.41053,19.5626,-1796.9,1720.86
0.945881,-0.971979,-1.41251,18.0946,-1796.65,1720.75
0.939325,-0.971577,-1.41676,16.1982,-1796.45,1720.64
